Estacion,decimalLatitude,decimalLongitude,eventTime,eventDate,Red,Solicitud,Vol_filtrado,Vol_concentrado,Vol_alicuota,Num_alicuotas,fieldNumber
33,2,-79,18:37:00,2023-10-25,300,31,101.2405667,150,5,1,SP-23-0426
33,2,-79,18:37:00,2023-10-25,300,31,101.2405667,150,5,1,SP-23-0426
33,2,-79,18:37:00,2023-10-25,300,31,101.2405667,150,5,1,SP-23-0426
33,2,-79,18:37:00,2023-10-25,300,31,101.2405667,150,5,1,SP-23-0426
33,2,-79,18:37:00,2023-10-25,300,31,101.2405667,150,5,1,SP-23-0426
33,2,-79,18:37:00,2023-10-25,300,31,101.2405667,150,5,1,SP-23-0426
33,2,-79,18:37:00,2023-10-25,300,31,101.2405667,150,5,1,SP-23-0426
33,2,-79,18:37:00,2023-10-25,300,31,101.2405667,150,5,1,SP-23-0426
33,2,-79,18:37:00,2023-10-25,300,31,101.2405667,150,5,1,SP-23-0426
33,2,-79,18:37:00,2023-10-25,300,31,101.2405667,150,5,1,SP-23-0426
33,2,-79,18:37:00,2023-10-25,300,31,101.2405667,150,5,1,SP-23-0426
33,2,-79,18:37:00,2023-10-25,300,31,101.2405667,150,5,1,SP-23-0426
33,2,-79,18:37:00,2023-10-25,300,31,101.2405667,150,5,1,SP-23-0426
33,2,-79,18:37:00,2023-10-25,300,31,101.2405667,150,5,1,SP-23-0426
33,2,-79,18:37:00,2023-10-25,300,31,101.2405667,150,5,1,SP-23-0426
33,2,-79,18:37:00,2023-10-25,300,31,101.2405667,150,5,1,SP-23-0426
33,2,-79,18:37:00,2023-10-25,300,31,101.2405667,150,5,1,SP-23-0426
33,2,-79,18:37:00,2023-10-25,300,31,101.2405667,150,5,1,SP-23-0426
33,2,-79,18:37:00,2023-10-25,300,31,101.2405667,150,5,1,SP-23-0426
33,2,-79,18:37:00,2023-10-25,300,31,101.2405667,150,5,1,SP-23-0426
33,2,-79,18:37:00,2023-10-25,300,31,101.2405667,150,5,1,SP-23-0426
33,2,-79,18:37:00,2023-10-25,300,31,101.2405667,150,5,1,SP-23-0426
33,2,-79,18:37:00,2023-10-25,500,31,100.6654262,150,5,12,SP-23-0427
33,2,-79,18:37:00,2023-10-25,500,31,100.6654262,150,5,12,SP-23-0427
33,2,-79,18:37:00,2023-10-25,500,31,100.6654262,150,5,12,SP-23-0427
33,2,-79,18:37:00,2023-10-25,500,31,100.6654262,150,5,12,SP-23-0427
33,2,-79,18:37:00,2023-10-25,500,31,100.6654262,150,5,12,SP-23-0427
33,2,-79,18:37:00,2023-10-25,500,31,100.6654262,150,5,12,SP-23-0427
33,2,-79,18:37:00,2023-10-25,500,31,100.6654262,150,5,12,SP-23-0427
33,2,-79,18:37:00,2023-10-25,500,31,100.6654262,150,5,12,SP-23-0427
33,2,-79,18:37:00,2023-10-25,500,31,100.6654262,150,5,12,SP-23-0427
33,2,-79,18:37:00,2023-10-25,500,31,100.6654262,150,5,12,SP-23-0427
33,2,-79,18:37:00,2023-10-25,500,31,100.6654262,150,5,12,SP-23-0427
33,2,-79,18:37:00,2023-10-25,500,31,100.6654262,150,5,12,SP-23-0427
33,2,-79,18:37:00,2023-10-25,500,31,100.6654262,150,5,12,SP-23-0427
33,2,-79,18:37:00,2023-10-25,500,31,100.6654262,150,5,12,SP-23-0427
33,2,-79,18:37:00,2023-10-25,500,31,100.6654262,150,5,12,SP-23-0427
33,2,-79,18:37:00,2023-10-25,500,31,100.6654262,150,5,12,SP-23-0427
49,2,-80,10:32:00,2023-10-26,300,31,49.65731868,300,5,2,SP-23-0443
49,2,-80,10:32:00,2023-10-26,300,31,49.65731868,300,5,2,SP-23-0443
49,2,-80,10:32:00,2023-10-26,300,31,49.65731868,300,5,2,SP-23-0443
49,2,-80,10:32:00,2023-10-26,300,31,49.65731868,300,5,2,SP-23-0443
49,2,-80,10:32:00,2023-10-26,300,31,49.65731868,300,5,2,SP-23-0443
49,2,-80,10:32:00,2023-10-26,300,31,49.65731868,300,5,2,SP-23-0443
49,2,-80,10:32:00,2023-10-26,300,31,49.65731868,300,5,2,SP-23-0443
49,2,-80,10:32:00,2023-10-26,300,31,49.65731868,300,5,2,SP-23-0443
49,2,-80,10:32:00,2023-10-26,300,31,49.65731868,300,5,2,SP-23-0443
49,2,-80,10:32:00,2023-10-26,300,31,49.65731868,300,5,2,SP-23-0443
49,2,-80,10:32:00,2023-10-26,300,31,49.65731868,300,5,2,SP-23-0443
49,2,-80,10:32:00,2023-10-26,300,31,49.65731868,300,5,2,SP-23-0443
49,2,-80,10:32:00,2023-10-26,300,31,49.65731868,300,5,2,SP-23-0443
49,2,-80,10:32:00,2023-10-26,300,31,49.65731868,300,5,2,SP-23-0443
49,2,-80,10:32:00,2023-10-26,300,31,49.65731868,300,5,2,SP-23-0443
49,2,-80,10:32:00,2023-10-26,300,31,49.65731868,300,5,2,SP-23-0443
49,2,-80,10:32:00,2023-10-26,300,31,49.65731868,300,5,2,SP-23-0443
49,2,-80,10:32:00,2023-10-26,300,31,49.65731868,300,5,2,SP-23-0443
49,2,-80,10:32:00,2023-10-26,300,31,49.65731868,300,5,2,SP-23-0443
49,2,-80,10:32:00,2023-10-26,300,31,49.65731868,300,5,2,SP-23-0443
49,2,-80,10:32:00,2023-10-26,300,31,49.65731868,300,5,2,SP-23-0443
49,2,-80,10:32:00,2023-10-26,300,31,49.65731868,300,5,2,SP-23-0443
49,2,-80,10:32:00,2023-10-26,300,31,49.65731868,300,5,2,SP-23-0443
49,2,-80,10:32:00,2023-10-26,300,31,49.65731868,300,5,2,SP-23-0443
49,2,-80,10:32:00,2023-10-26,300,31,49.65731868,300,5,2,SP-23-0443
49,2,-80,10:32:00,2023-10-26,300,31,49.65731868,300,5,2,SP-23-0443
49,2,-80,10:32:00,2023-10-26,300,31,49.65731868,300,5,2,SP-23-0443
49,2,-80,10:32:00,2023-10-26,300,31,49.65731868,300,5,2,SP-23-0443
49,2,-80,10:32:00,2023-10-26,300,31,49.65731868,300,5,2,SP-23-0443
49,2,-80,10:32:00,2023-10-26,300,31,49.65731868,300,5,2,SP-23-0443
49,2,-80,10:32:00,2023-10-26,500,31,84.13409269,150,5,7,SP-23-0444
49,2,-80,10:32:00,2023-10-26,500,31,84.13409269,150,5,7,SP-23-0444
49,2,-80,10:32:00,2023-10-26,500,31,84.13409269,150,5,7,SP-23-0444
49,2,-80,10:32:00,2023-10-26,500,31,84.13409269,150,5,7,SP-23-0444
49,2,-80,10:32:00,2023-10-26,500,31,84.13409269,150,5,7,SP-23-0444
49,2,-80,10:32:00,2023-10-26,500,31,84.13409269,150,5,7,SP-23-0444
49,2,-80,10:32:00,2023-10-26,500,31,84.13409269,150,5,7,SP-23-0444
49,2,-80,10:32:00,2023-10-26,500,31,84.13409269,150,5,7,SP-23-0444
49,2,-80,10:32:00,2023-10-26,500,31,84.13409269,150,5,7,SP-23-0444
49,2,-80,10:32:00,2023-10-26,500,31,84.13409269,150,5,7,SP-23-0444
49,2,-80,10:32:00,2023-10-26,500,31,84.13409269,150,5,7,SP-23-0444
49,2,-80,10:32:00,2023-10-26,500,31,84.13409269,150,5,7,SP-23-0444
49,2,-80,10:32:00,2023-10-26,500,31,84.13409269,150,5,7,SP-23-0444
49,2,-80,10:32:00,2023-10-26,500,31,84.13409269,150,5,7,SP-23-0444
49,2,-80,10:32:00,2023-10-26,500,31,84.13409269,150,5,7,SP-23-0444
49,2,-80,10:32:00,2023-10-26,500,31,84.13409269,150,5,7,SP-23-0444
49,2,-80,10:32:00,2023-10-26,500,31,84.13409269,150,5,7,SP-23-0444
49,2,-80,10:32:00,2023-10-26,500,31,84.13409269,150,5,7,SP-23-0444
49,2,-80,10:32:00,2023-10-26,500,31,84.13409269,150,5,7,SP-23-0444
49,2,-80,10:32:00,2023-10-26,500,31,84.13409269,150,5,7,SP-23-0444
49,2,-80,10:32:00,2023-10-26,500,31,84.13409269,150,5,7,SP-23-0444
49,2,-80,10:32:00,2023-10-26,500,31,84.13409269,150,5,7,SP-23-0444
49,2,-80,10:32:00,2023-10-26,500,31,84.13409269,150,5,7,SP-23-0444
49,2,-80,10:32:00,2023-10-26,500,31,84.13409269,150,5,7,SP-23-0444
49,2,-80,10:32:00,2023-10-26,500,31,84.13409269,150,5,7,SP-23-0444
49,2,-80,10:32:00,2023-10-26,500,31,84.13409269,150,5,7,SP-23-0444
49,2,-80,10:32:00,2023-10-26,500,31,84.13409269,150,5,7,SP-23-0444
49,2,-80,10:32:00,2023-10-26,500,31,84.13409269,150,5,7,SP-23-0444
49,2,-80,10:32:00,2023-10-26,500,31,84.13409269,150,5,7,SP-23-0444
49,2,-80,10:32:00,2023-10-26,500,31,84.13409269,150,5,7,SP-23-0444
49,2,-80,10:32:00,2023-10-26,500,31,84.13409269,150,5,7,SP-23-0444
65,2,-81,01:22:00,2023-10-27,300,31,59.77768179,150,5,2,SP-23-0452
65,2,-81,01:22:00,2023-10-27,300,31,59.77768179,150,5,2,SP-23-0452
65,2,-81,01:22:00,2023-10-27,300,31,59.77768179,150,5,2,SP-23-0452
65,2,-81,01:22:00,2023-10-27,300,31,59.77768179,150,5,2,SP-23-0452
65,2,-81,01:22:00,2023-10-27,300,31,59.77768179,150,5,2,SP-23-0452
65,2,-81,01:22:00,2023-10-27,300,31,59.77768179,150,5,2,SP-23-0452
65,2,-81,01:22:00,2023-10-27,300,31,59.77768179,150,5,2,SP-23-0452
65,2,-81,01:22:00,2023-10-27,300,31,59.77768179,150,5,2,SP-23-0452
65,2,-81,01:22:00,2023-10-27,300,31,59.77768179,150,5,2,SP-23-0452
65,2,-81,01:22:00,2023-10-27,300,31,59.77768179,150,5,2,SP-23-0452
65,2,-81,01:22:00,2023-10-27,300,31,59.77768179,150,5,2,SP-23-0452
65,2,-81,01:22:00,2023-10-27,300,31,59.77768179,150,5,2,SP-23-0452
65,2,-81,01:22:00,2023-10-27,300,31,59.77768179,150,5,2,SP-23-0452
65,2,-81,01:22:00,2023-10-27,300,31,59.77768179,150,5,2,SP-23-0452
65,2,-81,01:22:00,2023-10-27,300,31,59.77768179,150,5,2,SP-23-0452
65,2,-81,01:22:00,2023-10-27,300,31,59.77768179,150,5,2,SP-23-0452
65,2,-81,01:22:00,2023-10-27,300,31,59.77768179,150,5,2,SP-23-0452
65,2,-81,01:22:00,2023-10-27,300,31,59.77768179,150,5,2,SP-23-0452
65,2,-81,01:22:00,2023-10-27,300,31,59.77768179,150,5,2,SP-23-0452
65,2,-81,01:22:00,2023-10-27,500,31,61.05459934,150,5,8,SP-23-0453
65,2,-81,01:22:00,2023-10-27,500,31,61.05459934,150,5,8,SP-23-0453
65,2,-81,01:22:00,2023-10-27,500,31,61.05459934,150,5,8,SP-23-0453
65,2,-81,01:22:00,2023-10-27,500,31,61.05459934,150,5,8,SP-23-0453
65,2,-81,01:22:00,2023-10-27,500,31,61.05459934,150,5,8,SP-23-0453
65,2,-81,01:22:00,2023-10-27,500,31,61.05459934,150,5,8,SP-23-0453
65,2,-81,01:22:00,2023-10-27,500,31,61.05459934,150,5,8,SP-23-0453
65,2,-81,01:22:00,2023-10-27,500,31,61.05459934,150,5,8,SP-23-0453
65,2,-81,01:22:00,2023-10-27,500,31,61.05459934,150,5,8,SP-23-0453
65,2,-81,01:22:00,2023-10-27,500,31,61.05459934,150,5,8,SP-23-0453
65,2,-81,01:22:00,2023-10-27,500,31,61.05459934,150,5,8,SP-23-0453
65,2,-81,01:22:00,2023-10-27,500,31,61.05459934,150,5,8,SP-23-0453
65,2,-81,01:22:00,2023-10-27,500,31,61.05459934,150,5,8,SP-23-0453
65,2,-81,01:22:00,2023-10-27,500,31,61.05459934,150,5,8,SP-23-0453
65,2,-81,01:22:00,2023-10-27,500,31,61.05459934,150,5,8,SP-23-0453
65,2,-81,01:22:00,2023-10-27,500,31,61.05459934,150,5,8,SP-23-0453
81,2,-82,16:18:00,2023-10-27,300,31,76.75751937,100,5,2,SP-23-0462
81,2,-82,16:18:00,2023-10-27,300,31,76.75751937,100,5,2,SP-23-0462
81,2,-82,16:18:00,2023-10-27,300,31,76.75751937,100,5,2,SP-23-0462
81,2,-82,16:18:00,2023-10-27,300,31,76.75751937,100,5,2,SP-23-0462
81,2,-82,16:18:00,2023-10-27,300,31,76.75751937,100,5,2,SP-23-0462
81,2,-82,16:18:00,2023-10-27,300,31,76.75751937,100,5,2,SP-23-0462
81,2,-82,16:18:00,2023-10-27,300,31,76.75751937,100,5,2,SP-23-0462
81,2,-82,16:18:00,2023-10-27,300,31,76.75751937,100,5,2,SP-23-0462
81,2,-82,16:18:00,2023-10-27,300,31,76.75751937,100,5,2,SP-23-0462
81,2,-82,16:18:00,2023-10-27,300,31,76.75751937,100,5,2,SP-23-0462
81,2,-82,16:18:00,2023-10-27,300,31,76.75751937,100,5,2,SP-23-0462
81,2,-82,16:18:00,2023-10-27,500,31,76.32484483,100,5,13,SP-23-0463
81,2,-82,16:18:00,2023-10-27,500,31,76.32484483,100,5,13,SP-23-0463
81,2,-82,16:18:00,2023-10-27,500,31,76.32484483,100,5,13,SP-23-0463
81,2,-82,16:18:00,2023-10-27,500,31,76.32484483,100,5,13,SP-23-0463
81,2,-82,16:18:00,2023-10-27,500,31,76.32484483,100,5,13,SP-23-0463
81,2,-82,16:18:00,2023-10-27,500,31,76.32484483,100,5,13,SP-23-0463
81,2,-82,16:18:00,2023-10-27,500,31,76.32484483,100,5,13,SP-23-0463
81,2,-82,16:18:00,2023-10-27,500,31,76.32484483,100,5,13,SP-23-0463
81,2,-82,16:18:00,2023-10-27,500,31,76.32484483,100,5,13,SP-23-0463
81,2,-82,16:18:00,2023-10-27,500,31,76.32484483,100,5,13,SP-23-0463
81,2,-82,16:18:00,2023-10-27,500,31,76.32484483,100,5,13,SP-23-0463
81,2,-82,16:18:00,2023-10-27,500,31,76.32484483,100,5,13,SP-23-0463
81,2,-82,16:18:00,2023-10-27,500,31,76.32484483,100,5,13,SP-23-0463
81,2,-82,16:18:00,2023-10-27,500,31,76.32484483,100,5,13,SP-23-0463
81,2,-82,16:18:00,2023-10-27,500,31,76.32484483,100,5,13,SP-23-0463
81,2,-82,16:18:00,2023-10-27,500,31,76.32484483,100,5,13,SP-23-0463
97,2,-83,07:58:00,2023-10-28,300,31,56.16326639,150,5,1,SP-23-0472
97,2,-83,07:58:00,2023-10-28,300,31,56.16326639,150,5,1,SP-23-0472
97,2,-83,07:58:00,2023-10-28,300,31,56.16326639,150,5,1,SP-23-0472
97,2,-83,07:58:00,2023-10-28,300,31,56.16326639,150,5,1,SP-23-0472
97,2,-83,07:58:00,2023-10-28,300,31,56.16326639,150,5,1,SP-23-0472
97,2,-83,07:58:00,2023-10-28,300,31,56.16326639,150,5,1,SP-23-0472
97,2,-83,07:58:00,2023-10-28,300,31,56.16326639,150,5,1,SP-23-0472
97,2,-83,07:58:00,2023-10-28,300,31,56.16326639,150,5,1,SP-23-0472
97,2,-83,07:58:00,2023-10-28,300,31,56.16326639,150,5,1,SP-23-0472
97,2,-83,07:58:00,2023-10-28,300,31,56.16326639,150,5,1,SP-23-0472
97,2,-83,07:58:00,2023-10-28,300,31,56.16326639,150,5,1,SP-23-0472
97,2,-83,07:58:00,2023-10-28,300,31,56.16326639,150,5,1,SP-23-0472
97,2,-83,07:58:00,2023-10-28,300,31,56.16326639,150,5,1,SP-23-0472
97,2,-83,07:58:00,2023-10-28,300,31,56.16326639,150,5,1,SP-23-0472
97,2,-83,07:58:00,2023-10-28,300,31,56.16326639,150,5,1,SP-23-0472
97,2,-83,07:58:00,2023-10-28,300,31,56.16326639,150,5,1,SP-23-0472
97,2,-83,07:58:00,2023-10-28,300,31,56.16326639,150,5,1,SP-23-0472
97,2,-83,07:58:00,2023-10-28,300,31,56.16326639,150,5,1,SP-23-0472
97,2,-83,07:58:00,2023-10-28,300,31,56.16326639,150,5,1,SP-23-0472
97,2,-83,07:58:00,2023-10-28,500,31,62.28402823,1500,5,9,SP-23-0473
97,2,-83,07:58:00,2023-10-28,500,31,62.28402823,150,5,9,SP-23-0473
97,2,-83,07:58:00,2023-10-28,500,31,62.28402823,150,5,9,SP-23-0473
97,2,-83,07:58:00,2023-10-28,500,31,62.28402823,150,5,9,SP-23-0473
97,2,-83,07:58:00,2023-10-28,500,31,62.28402823,150,5,9,SP-23-0473
97,2,-83,07:58:00,2023-10-28,500,31,62.28402823,150,5,9,SP-23-0473
97,2,-83,07:58:00,2023-10-28,500,31,62.28402823,150,5,9,SP-23-0473
97,2,-83,07:58:00,2023-10-28,500,31,62.28402823,150,5,9,SP-23-0473
97,2,-83,07:58:00,2023-10-28,500,31,62.28402823,150,5,9,SP-23-0473
97,2,-83,07:58:00,2023-10-28,500,31,62.28402823,150,5,9,SP-23-0473
97,2,-83,07:58:00,2023-10-28,500,31,62.28402823,150,5,9,SP-23-0473
97,2,-83,07:58:00,2023-10-28,500,31,62.28402823,150,5,9,SP-23-0473
97,2,-83,07:58:00,2023-10-28,500,31,62.28402823,150,5,9,SP-23-0473
97,2,-83,07:58:00,2023-10-28,500,31,62.28402823,150,5,9,SP-23-0473
97,2,-83,07:58:00,2023-10-28,500,31,62.28402823,150,5,9,SP-23-0473
97,2,-83,07:58:00,2023-10-28,500,31,62.28402823,150,5,9,SP-23-0473
97,2,-83,07:58:00,2023-10-28,500,31,62.28402823,150,5,9,SP-23-0473
97,2,-83,07:58:00,2023-10-28,500,31,62.28402823,150,5,9,SP-23-0473
97,2,-83,07:58:00,2023-10-28,500,31,62.28402823,150,5,9,SP-23-0473
97,2,-83,07:58:00,2023-10-28,500,31,62.28402823,150,5,9,SP-23-0473
113,2,-84,00:12:00,2023-10-29,300,31,93.73735695,300,5,3,SP-23-0482
113,2,-84,00:12:00,2023-10-29,300,31,93.73735695,300,5,3,SP-23-0482
113,2,-84,00:12:00,2023-10-29,300,31,93.73735695,300,5,3,SP-23-0482
113,2,-84,00:12:00,2023-10-29,300,31,93.73735695,300,5,3,SP-23-0482
113,2,-84,00:12:00,2023-10-29,300,31,93.73735695,300,5,3,SP-23-0482
113,2,-84,00:12:00,2023-10-29,300,31,93.73735695,300,5,3,SP-23-0482
113,2,-84,00:12:00,2023-10-29,300,31,93.73735695,300,5,3,SP-23-0482
113,2,-84,00:12:00,2023-10-29,300,31,93.73735695,300,5,3,SP-23-0482
113,2,-84,00:12:00,2023-10-29,300,31,93.73735695,300,5,3,SP-23-0482
113,2,-84,00:12:00,2023-10-29,300,31,93.73735695,300,5,3,SP-23-0482
113,2,-84,00:12:00,2023-10-29,300,31,93.73735695,300,5,3,SP-23-0482
113,2,-84,00:12:00,2023-10-29,300,31,93.73735695,300,5,3,SP-23-0482
113,2,-84,00:12:00,2023-10-29,300,31,93.73735695,300,5,3,SP-23-0482
113,2,-84,00:12:00,2023-10-29,300,31,93.73735695,300,5,3,SP-23-0482
113,2,-84,00:12:00,2023-10-29,300,31,93.73735695,300,5,3,SP-23-0482
113,2,-84,00:12:00,2023-10-29,300,31,93.73735695,300,5,3,SP-23-0482
113,2,-84,00:12:00,2023-10-29,500,31,99.03498185,150,5,2,SP-23-0483
113,2,-84,00:12:00,2023-10-29,500,31,99.03498185,150,5,2,SP-23-0483
113,2,-84,00:12:00,2023-10-29,500,31,99.03498185,150,5,2,SP-23-0483
113,2,-84,00:12:00,2023-10-29,500,31,99.03498185,150,5,2,SP-23-0483
113,2,-84,00:12:00,2023-10-29,500,31,99.03498185,150,5,2,SP-23-0483
113,2,-84,00:12:00,2023-10-29,500,31,99.03498185,150,5,2,SP-23-0483
113,2,-84,00:12:00,2023-10-29,500,31,99.03498185,150,5,2,SP-23-0483
113,2,-84,00:12:00,2023-10-29,500,31,99.03498185,150,5,2,SP-23-0483
113,2,-84,00:12:00,2023-10-29,500,31,99.03498185,150,5,2,SP-23-0483
111,3,-84,09:49:00,2023-10-29,300,31,70.51012108,125,5,1,SP-23-0492
111,3,-84,09:49:00,2023-10-29,300,31,70.51012108,125,5,1,SP-23-0492
111,3,-84,09:49:00,2023-10-29,300,31,70.51012108,125,5,1,SP-23-0492
111,3,-84,09:49:00,2023-10-29,300,31,70.51012108,125,5,1,SP-23-0492
111,3,-84,09:49:00,2023-10-29,300,31,70.51012108,125,5,1,SP-23-0492
111,3,-84,09:49:00,2023-10-29,300,31,70.51012108,125,5,1,SP-23-0492
111,3,-84,09:49:00,2023-10-29,300,31,70.51012108,125,5,1,SP-23-0492
111,3,-84,09:49:00,2023-10-29,300,31,70.51012108,125,5,1,SP-23-0492
111,3,-84,09:49:00,2023-10-29,300,31,70.51012108,125,5,1,SP-23-0492
111,3,-84,09:49:00,2023-10-29,300,31,70.51012108,125,5,1,SP-23-0492
111,3,-84,09:49:00,2023-10-29,300,31,70.51012108,125,5,1,SP-23-0492
111,3,-84,09:49:00,2023-10-29,300,31,70.51012108,125,5,1,SP-23-0492
111,3,-84,09:49:00,2023-10-29,300,31,70.51012108,125,5,1,SP-23-0492
111,3,-84,09:49:00,2023-10-29,300,31,70.51012108,125,5,1,SP-23-0492
111,3,-84,09:49:00,2023-10-29,300,31,70.51012108,125,5,1,SP-23-0492
111,3,-84,09:49:00,2023-10-29,300,31,70.51012108,125,5,1,SP-23-0492
111,3,-84,09:49:00,2023-10-29,300,31,70.51012108,125,5,1,SP-23-0492
111,3,-84,09:49:00,2023-10-29,300,31,70.51012108,125,5,1,SP-23-0492
111,3,-84,09:49:00,2023-10-29,300,31,70.51012108,125,5,1,SP-23-0492
111,3,-84,09:49:00,2023-10-29,500,31,72.50992171,125,5,9,SP-23-0493
111,3,-84,09:49:00,2023-10-29,500,31,72.50992171,125,5,9,SP-23-0493
111,3,-84,09:49:00,2023-10-29,500,31,72.50992171,125,5,9,SP-23-0493
111,3,-84,09:49:00,2023-10-29,500,31,72.50992171,125,5,9,SP-23-0493
111,3,-84,09:49:00,2023-10-29,500,31,72.50992171,125,5,9,SP-23-0493
111,3,-84,09:49:00,2023-10-29,500,31,72.50992171,125,5,9,SP-23-0493
111,3,-84,09:49:00,2023-10-29,500,31,72.50992171,125,5,9,SP-23-0493
111,3,-84,09:49:00,2023-10-29,500,31,72.50992171,125,5,9,SP-23-0493
111,3,-84,09:49:00,2023-10-29,500,31,72.50992171,125,5,9,SP-23-0493
111,3,-84,09:49:00,2023-10-29,500,31,72.50992171,125,5,9,SP-23-0493
111,3,-84,09:49:00,2023-10-29,500,31,72.50992171,125,5,9,SP-23-0493
111,3,-84,09:49:00,2023-10-29,500,31,72.50992171,125,5,9,SP-23-0493
111,3,-84,09:49:00,2023-10-29,500,31,72.50992171,125,5,9,SP-23-0493
111,3,-84,09:49:00,2023-10-29,500,31,72.50992171,125,5,9,SP-23-0493
111,3,-84,09:49:00,2023-10-29,500,31,72.50992171,125,5,9,SP-23-0493
111,3,-84,09:49:00,2023-10-29,500,31,72.50992171,125,5,9,SP-23-0493
95,3,-83,18:58:00,2023-10-29,300,31,85.1471843,150,5,2,SP-23-0502
95,3,-83,18:58:00,2023-10-29,300,31,85.1471843,150,5,2,SP-23-0502
95,3,-83,18:58:00,2023-10-29,300,31,85.1471843,150,5,2,SP-23-0502
95,3,-83,18:58:00,2023-10-29,300,31,85.1471843,150,5,2,SP-23-0502
95,3,-83,18:58:00,2023-10-29,300,31,85.1471843,150,5,2,SP-23-0502
95,3,-83,18:58:00,2023-10-29,300,31,85.1471843,150,5,2,SP-23-0502
95,3,-83,18:58:00,2023-10-29,300,31,85.1471843,150,5,2,SP-23-0502
95,3,-83,18:58:00,2023-10-29,300,31,85.1471843,150,5,2,SP-23-0502
95,3,-83,18:58:00,2023-10-29,300,31,85.1471843,150,5,2,SP-23-0502
95,3,-83,18:58:00,2023-10-29,300,31,85.1471843,150,5,2,SP-23-0502
95,3,-83,18:58:00,2023-10-29,300,31,85.1471843,150,5,2,SP-23-0502
95,3,-83,18:58:00,2023-10-29,300,31,85.1471843,150,5,2,SP-23-0502
95,3,-83,18:58:00,2023-10-29,300,31,85.1471843,150,5,2,SP-23-0502
95,3,-83,18:58:00,2023-10-29,500,31,198.1860471,125,5,1,SP-23-0503
95,3,-83,18:58:00,2023-10-29,500,31,198.1860471,125,5,1,SP-23-0503
95,3,-83,18:58:00,2023-10-29,500,31,198.1860471,125,5,1,SP-23-0503
95,3,-83,18:58:00,2023-10-29,500,31,198.1860471,125,5,1,SP-23-0503
95,3,-83,18:58:00,2023-10-29,500,31,198.1860471,125,5,1,SP-23-0503
95,3,-83,18:58:00,2023-10-29,500,31,198.1860471,125,5,1,SP-23-0503
95,3,-83,18:58:00,2023-10-29,500,31,198.1860471,125,5,1,SP-23-0503
95,3,-83,18:58:00,2023-10-29,500,31,198.1860471,125,5,1,SP-23-0503
95,3,-83,18:58:00,2023-10-29,500,31,198.1860471,125,5,1,SP-23-0503
95,3,-83,18:58:00,2023-10-29,500,31,198.1860471,125,5,1,SP-23-0503
95,3,-83,18:58:00,2023-10-29,500,31,198.1860471,125,5,1,SP-23-0503
95,3,-83,18:58:00,2023-10-29,500,31,198.1860471,125,5,1,SP-23-0503
95,3,-83,18:58:00,2023-10-29,500,31,198.1860471,125,5,1,SP-23-0503
95,3,-83,18:58:00,2023-10-29,500,31,198.1860471,125,5,1,SP-23-0503
95,3,-83,18:58:00,2023-10-29,500,31,198.1860471,125,5,1,SP-23-0503
95,3,-83,18:58:00,2023-10-29,500,31,198.1860471,125,5,1,SP-23-0503
95,3,-83,18:58:00,2023-10-29,500,31,198.1860471,125,5,1,SP-23-0503
95,3,-83,18:58:00,2023-10-29,500,31,198.1860471,125,5,1,SP-23-0503
95,3,-83,18:58:00,2023-10-29,500,31,198.1860471,125,5,1,SP-23-0503
95,3,-83,18:58:00,2023-10-29,500,31,198.1860471,125,5,1,SP-23-0503
79,3,-82,03:59:00,2023-10-30,300,31,50.76011111,100,5,4,SP-23-0512
79,3,-82,03:59:00,2023-10-30,300,31,50.76011111,100,5,4,SP-23-0512
79,3,-82,03:59:00,2023-10-30,300,31,50.76011111,100,5,4,SP-23-0512
79,3,-82,03:59:00,2023-10-30,300,31,50.76011111,100,5,4,SP-23-0512
79,3,-82,03:59:00,2023-10-30,300,31,50.76011111,100,5,4,SP-23-0512
79,3,-82,03:59:00,2023-10-30,300,31,50.76011111,100,5,4,SP-23-0512
79,3,-82,03:59:00,2023-10-30,300,31,50.76011111,100,5,4,SP-23-0512
79,3,-82,03:59:00,2023-10-30,300,31,50.76011111,100,5,4,SP-23-0512
79,3,-82,03:59:00,2023-10-30,300,31,50.76011111,100,5,4,SP-23-0512
79,3,-82,03:59:00,2023-10-30,300,31,50.76011111,100,5,4,SP-23-0512
79,3,-82,03:59:00,2023-10-30,300,31,50.76011111,100,5,4,SP-23-0512
79,3,-82,03:59:00,2023-10-30,300,31,50.76011111,100,5,4,SP-23-0512
79,3,-82,03:59:00,2023-10-30,300,31,50.76011111,100,5,4,SP-23-0512
79,3,-82,03:59:00,2023-10-30,300,31,50.76011111,100,5,4,SP-23-0512
79,3,-82,03:59:00,2023-10-30,500,31,57.14469889,125,5,2,SP-23-0513
79,3,-82,04:59:00,2023-10-30,500,31,57.14469889,125,5,2,SP-23-0513
79,3,-82,05:59:00,2023-10-30,500,31,57.14469889,125,5,2,SP-23-0513
79,3,-82,06:59:00,2023-10-30,500,31,57.14469889,125,5,2,SP-23-0513
79,3,-82,07:59:00,2023-10-30,500,31,57.14469889,125,5,2,SP-23-0513
79,3,-82,08:59:00,2023-10-30,500,31,57.14469889,125,5,2,SP-23-0513
79,3,-82,09:59:00,2023-10-30,500,31,57.14469889,125,5,2,SP-23-0513
79,3,-82,10:59:00,2023-10-30,500,31,57.14469889,125,5,2,SP-23-0513
79,3,-82,11:59:00,2023-10-30,500,31,57.14469889,125,5,2,SP-23-0513
79,3,-82,12:59:00,2023-10-30,500,31,57.14469889,125,5,2,SP-23-0513
79,3,-82,13:59:00,2023-10-30,500,31,57.14469889,125,5,2,SP-23-0513
79,3,-82,14:59:00,2023-10-30,500,31,57.14469889,125,5,2,SP-23-0513
79,3,-82,15:59:00,2023-10-30,500,31,57.14469889,125,5,2,SP-23-0513
79,3,-82,16:59:00,2023-10-30,500,31,57.14469889,125,5,2,SP-23-0513
63,3,-81,13:07:00,2023-10-30,300,31,43.59459854,50,5,4,SP-23-0522
63,3,-81,13:07:00,2023-10-30,300,31,43.59459854,50,5,4,SP-23-0522
63,3,-81,13:07:00,2023-10-30,300,31,43.59459854,50,5,4,SP-23-0522
63,3,-81,13:07:00,2023-10-30,300,31,43.59459854,50,5,4,SP-23-0522
63,3,-81,13:07:00,2023-10-30,300,31,43.59459854,50,5,4,SP-23-0522
63,3,-81,13:07:00,2023-10-30,300,31,43.59459854,50,5,4,SP-23-0522
63,3,-81,13:07:00,2023-10-30,500,31,42.63427212,10,10,1,SP-23-0523
63,3,-81,13:07:00,2023-10-30,500,31,42.63427212,10,10,1,SP-23-0523
63,3,-81,13:07:00,2023-10-30,500,31,42.63427212,10,10,1,SP-23-0523
63,3,-81,13:07:00,2023-10-30,500,31,42.63427212,10,10,1,SP-23-0523
16,3,-78,22:55:00,2023-10-31,300,31,55.39289464,400,5,2,SP-23-0535
16,3,-78,22:55:00,2023-10-31,300,31,55.39289464,400,5,2,SP-23-0535
16,3,-78,22:55:00,2023-10-31,300,31,55.39289464,400,5,2,SP-23-0535
16,3,-78,22:55:00,2023-10-31,300,31,55.39289464,400,5,2,SP-23-0535
16,3,-78,22:55:00,2023-10-31,300,31,55.39289464,400,5,2,SP-23-0535
16,3,-78,22:55:00,2023-10-31,300,31,55.39289464,400,5,2,SP-23-0535
16,3,-78,22:55:00,2023-10-31,300,31,55.39289464,400,5,2,SP-23-0535
16,3,-78,22:55:00,2023-10-31,300,31,55.39289464,400,5,2,SP-23-0535
16,3,-78,22:55:00,2023-10-31,300,31,55.39289464,400,5,2,SP-23-0535
16,3,-78,22:55:00,2023-10-31,300,31,55.39289464,400,5,2,SP-23-0535
16,3,-78,22:55:00,2023-10-31,300,31,55.39289464,400,5,2,SP-23-0535
16,3,-78,22:55:00,2023-10-31,300,31,55.39289464,400,5,2,SP-23-0535
16,3,-78,22:55:00,2023-10-31,300,31,55.39289464,400,5,2,SP-23-0535
16,3,-78,22:55:00,2023-10-31,300,31,55.39289464,400,5,2,SP-23-0535
16,3,-78,22:55:00,2023-10-31,300,31,55.39289464,400,5,2,SP-23-0535
16,3,-78,22:55:00,2023-10-31,300,31,55.39289464,400,5,2,SP-23-0535
16,3,-78,22:55:00,2023-10-31,300,31,55.39289464,400,5,2,SP-23-0535
16,3,-78,22:55:00,2023-10-31,300,31,55.39289464,400,5,2,SP-23-0535
16,3,-78,22:55:00,2023-10-31,300,31,55.39289464,400,5,2,SP-23-0535
16,3,-78,22:55:00,2023-10-31,300,31,55.39289464,400,5,2,SP-23-0535
16,3,-78,22:55:00,2023-10-31,300,31,55.39289464,400,5,2,SP-23-0535
16,3,-78,22:55:00,2023-10-31,300,31,55.39289464,400,5,2,SP-23-0535
16,3,-78,22:55:00,2023-10-31,300,31,55.39289464,400,5,2,SP-23-0535
16,3,-78,22:55:00,2023-10-31,300,31,55.39289464,400,5,2,SP-23-0535
16,3,-78,22:55:00,2023-10-31,300,31,55.39289464,400,5,2,SP-23-0535
16,3,-78,22:55:00,2023-10-31,300,31,55.39289464,400,5,2,SP-23-0535
16,3,-78,22:55:00,2023-10-31,300,31,55.39289464,400,5,2,SP-23-0535
16,3,-78,22:55:00,2023-10-31,300,31,55.39289464,400,5,2,SP-23-0535
16,3,-78,22:55:00,2023-10-31,300,31,55.39289464,400,5,2,SP-23-0535
16,3,-78,22:55:00,2023-10-31,500,31,57.30827097,400,5,2,SP-23-0536
16,3,-78,22:55:00,2023-10-31,500,31,57.30827097,400,5,2,SP-23-0536
16,3,-78,22:55:00,2023-10-31,500,31,57.30827097,400,5,2,SP-23-0536
16,3,-78,22:55:00,2023-10-31,500,31,57.30827097,400,5,2,SP-23-0536
16,3,-78,22:55:00,2023-10-31,500,31,57.30827097,400,5,2,SP-23-0536
16,3,-78,22:55:00,2023-10-31,500,31,57.30827097,400,5,2,SP-23-0536
16,3,-78,22:55:00,2023-10-31,500,31,57.30827097,400,5,2,SP-23-0536
16,3,-78,22:55:00,2023-10-31,500,31,57.30827097,400,5,2,SP-23-0536
16,3,-78,22:55:00,2023-10-31,500,31,57.30827097,400,5,2,SP-23-0536
16,3,-78,22:55:00,2023-10-31,500,31,57.30827097,400,5,2,SP-23-0536
16,3,-78,22:55:00,2023-10-31,500,31,57.30827097,400,5,2,SP-23-0536
16,3,-78,22:55:00,2023-10-31,500,31,57.30827097,400,5,2,SP-23-0536
16,3,-78,22:55:00,2023-10-31,500,31,57.30827097,400,5,2,SP-23-0536
16,3,-78,22:55:00,2023-10-31,500,31,57.30827097,400,5,2,SP-23-0536
16,3,-78,22:55:00,2023-10-31,500,31,57.30827097,400,5,2,SP-23-0536
45,4,-80,15:15:00,2023-11-09,300,31,84.12881617,150,5,2,SP-23-0550
45,4,-80,15:15:00,2023-11-09,300,31,84.12881617,150,5,2,SP-23-0550
45,4,-80,15:15:00,2023-11-09,300,31,84.12881617,150,5,2,SP-23-0550
45,4,-80,15:15:00,2023-11-09,300,31,84.12881617,150,5,2,SP-23-0550
45,4,-80,15:15:00,2023-11-09,300,31,84.12881617,150,5,2,SP-23-0550
45,4,-80,15:15:00,2023-11-09,300,31,84.12881617,150,5,2,SP-23-0550
45,4,-80,15:15:00,2023-11-09,300,31,84.12881617,150,5,2,SP-23-0550
45,4,-80,15:15:00,2023-11-09,300,31,84.12881617,150,5,2,SP-23-0550
45,4,-80,15:15:00,2023-11-09,300,31,84.12881617,150,5,2,SP-23-0550
45,4,-80,15:15:00,2023-11-09,500,31,80.91013969,10,10,1,SP-23-0551
45,4,-80,15:15:00,2023-11-09,500,31,80.91013969,10,10,1,SP-23-0551
45,4,-80,15:15:00,2023-11-09,500,31,80.91013969,10,10,1,SP-23-0551
45,4,-80,15:15:00,2023-11-09,500,31,80.91013969,10,10,1,SP-23-0551
45,4,-80,15:15:00,2023-11-09,500,31,80.91013969,10,10,1,SP-23-0551
45,4,-80,15:15:00,2023-11-09,500,31,80.91013969,10,10,1,SP-23-0551
45,4,-80,15:15:00,2023-11-09,500,31,80.91013969,10,10,1,SP-23-0551
45,4,-80,15:15:00,2023-11-09,500,31,80.91013969,10,10,1,SP-23-0551
61,4,-81,00:17:00,2023-11-10,300,31,46.42281264,300,5,3,SP-23-0560
61,4,-81,00:17:00,2023-11-10,300,31,46.42281264,300,5,3,SP-23-0560
61,4,-81,00:17:00,2023-11-10,300,31,46.42281264,300,5,3,SP-23-0560
61,4,-81,00:17:00,2023-11-10,300,31,46.42281264,300,5,3,SP-23-0560
61,4,-81,00:17:00,2023-11-10,300,31,46.42281264,300,5,3,SP-23-0560
61,4,-81,00:17:00,2023-11-10,300,31,46.42281264,300,5,3,SP-23-0560
61,4,-81,00:17:00,2023-11-10,300,31,46.42281264,300,5,3,SP-23-0560
61,4,-81,00:17:00,2023-11-10,300,31,46.42281264,300,5,3,SP-23-0560
61,4,-81,00:17:00,2023-11-10,300,31,46.42281264,300,5,3,SP-23-0560
61,4,-81,00:17:00,2023-11-10,300,31,46.42281264,300,5,3,SP-23-0560
61,4,-81,00:17:00,2023-11-10,300,31,46.42281264,300,5,3,SP-23-0560
61,4,-81,00:17:00,2023-11-10,300,31,46.42281264,300,5,3,SP-23-0560
61,4,-81,00:17:00,2023-11-10,300,31,46.42281264,300,5,3,SP-23-0560
61,4,-81,00:17:00,2023-11-10,300,31,46.42281264,300,5,3,SP-23-0560
61,4,-81,00:17:00,2023-11-10,300,31,46.42281264,300,5,3,SP-23-0560
61,4,-81,00:17:00,2023-11-10,300,31,46.42281264,300,5,3,SP-23-0560
61,4,-81,00:17:00,2023-11-10,500,31,47.20901394,150,5,3,SP-23-0561
61,4,-81,00:17:00,2023-11-10,500,31,47.20901394,150,5,3,SP-23-0561
61,4,-81,00:17:00,2023-11-10,500,31,47.20901394,150,5,3,SP-23-0561
61,4,-81,00:17:00,2023-11-10,500,31,47.20901394,150,5,3,SP-23-0561
61,4,-81,00:17:00,2023-11-10,500,31,47.20901394,150,5,3,SP-23-0561
61,4,-81,00:17:00,2023-11-10,500,31,47.20901394,150,5,3,SP-23-0561
61,4,-81,00:17:00,2023-11-10,500,31,47.20901394,150,5,3,SP-23-0561
61,4,-81,00:17:00,2023-11-10,500,31,47.20901394,150,5,3,SP-23-0561
61,4,-81,00:17:00,2023-11-10,500,31,47.20901394,150,5,3,SP-23-0561
61,4,-81,00:17:00,2023-11-10,500,31,47.20901394,150,5,3,SP-23-0561
61,4,-81,00:17:00,2023-11-10,500,31,47.20901394,150,5,3,SP-23-0561
61,4,-81,00:17:00,2023-11-10,500,31,47.20901394,150,5,3,SP-23-0561
77,4,-82,01:57:00,2023-11-11,300,31,91.74283284,300,5,4,SP-23-0595
77,4,-82,01:57:00,2023-11-11,300,31,91.74283284,300,5,4,SP-23-0595
77,4,-82,01:57:00,2023-11-11,300,31,91.74283284,300,5,4,SP-23-0595
77,4,-82,01:57:00,2023-11-11,300,31,91.74283284,300,5,4,SP-23-0595
77,4,-82,01:57:00,2023-11-11,300,31,91.74283284,300,5,4,SP-23-0595
77,4,-82,01:57:00,2023-11-11,300,31,91.74283284,300,5,4,SP-23-0595
77,4,-82,01:57:00,2023-11-11,300,31,91.74283284,300,5,4,SP-23-0595
77,4,-82,01:57:00,2023-11-11,300,31,91.74283284,300,5,4,SP-23-0595
77,4,-82,01:57:00,2023-11-11,300,31,91.74283284,300,5,4,SP-23-0595
77,4,-82,01:57:00,2023-11-11,300,31,91.74283284,300,5,4,SP-23-0595
77,4,-82,01:57:00,2023-11-11,300,31,91.74283284,300,5,4,SP-23-0595
77,4,-82,01:57:00,2023-11-11,300,31,91.74283284,300,5,4,SP-23-0595
77,4,-82,01:57:00,2023-11-11,300,31,91.74283284,300,5,4,SP-23-0595
77,4,-82,01:57:00,2023-11-11,300,31,91.74283284,300,5,4,SP-23-0595
77,4,-82,01:57:00,2023-11-11,300,31,91.74283284,300,5,4,SP-23-0595
77,4,-82,01:57:00,2023-11-11,300,31,91.74283284,300,5,4,SP-23-0595
77,4,-82,01:57:00,2023-11-11,300,31,91.74283284,300,5,4,SP-23-0595
77,4,-82,01:57:00,2023-11-11,300,31,91.74283284,300,5,4,SP-23-0595
77,4,-82,01:57:00,2023-11-11,300,31,91.74283284,300,5,4,SP-23-0595
77,4,-82,01:57:00,2023-11-11,300,31,91.74283284,300,5,4,SP-23-0595
77,4,-82,01:57:00,2023-11-11,300,31,91.74283284,300,5,4,SP-23-0595
77,4,-82,01:57:00,2023-11-11,300,31,91.74283284,300,5,4,SP-23-0595
77,4,-82,01:57:00,2023-11-11,300,31,91.74283284,300,5,4,SP-23-0595
77,4,-82,01:57:00,2023-11-11,300,31,91.74283284,300,5,4,SP-23-0595
77,4,-82,01:57:00,2023-11-11,300,31,91.74283284,300,5,4,SP-23-0595
77,4,-82,01:57:00,2023-11-11,300,31,91.74283284,300,5,4,SP-23-0595
77,4,-82,01:57:00,2023-11-11,300,31,91.74283284,300,5,4,SP-23-0595
77,4,-82,01:57:00,2023-11-11,300,31,91.74283284,300,5,4,SP-23-0595
77,4,-82,01:57:00,2023-11-11,300,31,91.74283284,300,5,4,SP-23-0595
77,4,-82,01:57:00,2023-11-11,500,31,91.47373038,100,5,7,SP-23-0596
77,4,-82,01:57:00,2023-11-11,500,31,91.47373038,100,5,7,SP-23-0596
77,4,-82,01:57:00,2023-11-11,500,31,91.47373038,100,5,7,SP-23-0596
77,4,-82,01:57:00,2023-11-11,500,31,91.47373038,100,5,7,SP-23-0596
77,4,-82,01:57:00,2023-11-11,500,31,91.47373038,100,5,7,SP-23-0596
77,4,-82,01:57:00,2023-11-11,500,31,91.47373038,100,5,7,SP-23-0596
77,4,-82,01:57:00,2023-11-11,500,31,91.47373038,100,5,7,SP-23-0596
77,4,-82,01:57:00,2023-11-11,500,31,91.47373038,100,5,7,SP-23-0596
77,4,-82,01:57:00,2023-11-11,500,31,91.47373038,100,5,7,SP-23-0596
77,4,-82,01:57:00,2023-11-11,500,31,91.47373038,100,5,7,SP-23-0596
77,4,-82,01:57:00,2023-11-11,500,31,91.47373038,100,5,7,SP-23-0596
77,4,-82,01:57:00,2023-11-11,500,31,91.47373038,100,5,7,SP-23-0596
77,4,-82,01:57:00,2023-11-11,500,31,91.47373038,100,5,7,SP-23-0596
77,4,-82,01:57:00,2023-11-11,500,31,91.47373038,100,5,7,SP-23-0596
77,4,-82,01:57:00,2023-11-11,500,31,91.47373038,100,5,7,SP-23-0596
77,4,-82,01:57:00,2023-11-11,500,31,91.47373038,100,5,7,SP-23-0596
77,4,-82,01:57:00,2023-11-11,500,31,91.47373038,100,5,7,SP-23-0596
93,4,-83,14:01:00,2023-11-11,300,31,67.17008466,150,5,2,SP-23-0605
93,4,-83,14:01:00,2023-11-11,300,31,67.17008466,150,5,2,SP-23-0605
93,4,-83,14:01:00,2023-11-11,300,31,67.17008466,150,5,2,SP-23-0605
93,4,-83,14:01:00,2023-11-11,300,31,67.17008466,150,5,2,SP-23-0605
93,4,-83,14:01:00,2023-11-11,300,31,67.17008466,150,5,2,SP-23-0605
93,4,-83,14:01:00,2023-11-11,300,31,67.17008466,150,5,2,SP-23-0605
93,4,-83,14:01:00,2023-11-11,300,31,67.17008466,150,5,2,SP-23-0605
93,4,-83,14:01:00,2023-11-11,300,31,67.17008466,150,5,2,SP-23-0605
93,4,-83,14:01:00,2023-11-11,300,31,67.17008466,150,5,2,SP-23-0605
93,4,-83,14:01:00,2023-11-11,300,31,67.17008466,150,5,2,SP-23-0605
93,4,-83,14:01:00,2023-11-11,300,31,67.17008466,150,5,2,SP-23-0605
93,4,-83,14:01:00,2023-11-11,300,31,67.17008466,150,5,2,SP-23-0605
93,4,-83,14:01:00,2023-11-11,500,31,69.58145377,20,20,1,SP-23-0606
93,4,-83,14:01:00,2023-11-11,500,31,69.58145377,20,20,1,SP-23-0606
93,4,-83,14:01:00,2023-11-11,500,31,69.58145377,20,20,1,SP-23-0606
93,4,-83,14:01:00,2023-11-11,500,31,69.58145377,20,20,1,SP-23-0606
93,4,-83,14:01:00,2023-11-11,500,31,69.58145377,20,20,1,SP-23-0606
93,4,-83,14:01:00,2023-11-11,500,31,69.58145377,20,20,1,SP-23-0606
93,4,-83,14:01:00,2023-11-11,500,31,69.58145377,20,20,1,SP-23-0606
109,4,84,02:48:00,2023-11-12,300,31,65.40245085,150,5,1,SP-23-0615
109,4,84,02:48:00,2023-11-12,300,31,65.40245085,150,5,1,SP-23-0615
109,4,84,02:48:00,2023-11-12,300,31,65.40245085,150,5,1,SP-23-0615
109,4,84,02:48:00,2023-11-12,300,31,65.40245085,150,5,1,SP-23-0615
109,4,84,02:48:00,2023-11-12,300,31,65.40245085,150,5,1,SP-23-0615
109,4,84,02:48:00,2023-11-12,300,31,65.40245085,150,5,1,SP-23-0615
109,4,84,02:48:00,2023-11-12,300,31,65.40245085,150,5,1,SP-23-0615
109,4,84,02:48:00,2023-11-12,300,31,65.40245085,150,5,1,SP-23-0615
109,4,84,02:48:00,2023-11-12,300,31,65.40245085,150,5,1,SP-23-0615
109,4,84,02:48:00,2023-11-12,300,31,65.40245085,150,5,1,SP-23-0615
109,4,84,02:48:00,2023-11-12,300,31,65.40245085,150,5,1,SP-23-0615
109,4,84,02:48:00,2023-11-12,300,31,65.40245085,150,5,1,SP-23-0615
109,4,84,02:48:00,2023-11-12,300,31,65.40245085,150,5,1,SP-23-0615
109,4,84,02:48:00,2023-11-12,300,31,65.40245085,150,5,1,SP-23-0615
109,4,84,02:48:00,2023-11-12,300,31,65.40245085,150,5,1,SP-23-0615
109,4,84,02:48:00,2023-11-12,300,31,65.40245085,150,5,1,SP-23-0615
109,4,84,02:48:00,2023-11-12,300,31,65.40245085,150,5,1,SP-23-0615
109,4,84,02:48:00,2023-11-12,500,31,65.56602294,150,5,8,SP-23-0616
109,4,84,02:48:00,2023-11-12,500,31,65.56602294,150,5,8,SP-23-0616
109,4,84,02:48:00,2023-11-12,500,31,65.56602294,150,5,8,SP-23-0616
109,4,84,02:48:00,2023-11-12,500,31,65.56602294,150,5,8,SP-23-0616
109,4,84,02:48:00,2023-11-12,500,31,65.56602294,150,5,8,SP-23-0616
109,4,84,02:48:00,2023-11-12,500,31,65.56602294,150,5,8,SP-23-0616
109,4,84,02:48:00,2023-11-12,500,31,65.56602294,150,5,8,SP-23-0616
109,4,84,02:48:00,2023-11-12,500,31,65.56602294,150,5,8,SP-23-0616
109,4,84,02:48:00,2023-11-12,500,31,65.56602294,150,5,8,SP-23-0616
109,4,84,02:48:00,2023-11-12,500,31,65.56602294,150,5,8,SP-23-0616
109,4,84,02:48:00,2023-11-12,500,31,65.56602294,150,5,8,SP-23-0616
109,4,84,02:48:00,2023-11-12,500,31,65.56602294,150,5,8,SP-23-0616
109,4,84,02:48:00,2023-11-12,500,31,65.56602294,150,5,8,SP-23-0616
109,4,84,02:48:00,2023-11-12,500,31,65.56602294,150,5,8,SP-23-0616
109,4,84,02:48:00,2023-11-12,500,31,65.56602294,150,5,8,SP-23-0616
109,4,84,02:48:00,2023-11-12,500,31,65.56602294,150,5,8,SP-23-0616
109,4,84,02:48:00,2023-11-12,500,31,65.56602294,150,5,8,SP-23-0616
109,4,84,02:48:00,2023-11-12,500,31,65.56602294,150,5,8,SP-23-0616
109,4,84,02:48:00,2023-11-12,500,31,65.56602294,150,5,8,SP-23-0616
109,4,84,02:48:00,2023-11-12,500,31,65.56602294,150,5,8,SP-23-0616
109,4,84,02:48:00,2023-11-12,500,31,65.56602294,150,5,8,SP-23-0616
109,4,84,02:48:00,2023-11-12,500,31,65.56602294,150,5,8,SP-23-0616
107,5,-84,13:02:00,2023-11-12,300,31,70.04578742,300,5,4,SP-23-0625
107,5,-84,13:02:00,2023-11-12,300,31,70.04578742,300,5,4,SP-23-0625
107,5,-84,13:02:00,2023-11-12,300,31,70.04578742,300,5,4,SP-23-0625
107,5,-84,13:02:00,2023-11-12,300,31,70.04578742,300,5,4,SP-23-0625
107,5,-84,13:02:00,2023-11-12,300,31,70.04578742,300,5,4,SP-23-0625
107,5,-84,13:02:00,2023-11-12,300,31,70.04578742,300,5,4,SP-23-0625
107,5,-84,13:02:00,2023-11-12,300,31,70.04578742,300,5,4,SP-23-0625
107,5,-84,13:02:00,2023-11-12,300,31,70.04578742,300,5,4,SP-23-0625
107,5,-84,13:02:00,2023-11-12,300,31,70.04578742,300,5,4,SP-23-0625
107,5,-84,13:02:00,2023-11-12,300,31,70.04578742,300,5,4,SP-23-0625
107,5,-84,13:02:00,2023-11-12,300,31,70.04578742,300,5,4,SP-23-0625
107,5,-84,13:02:00,2023-11-12,300,31,70.04578742,300,5,4,SP-23-0625
107,5,-84,13:02:00,2023-11-12,300,31,70.04578742,300,5,4,SP-23-0625
107,5,-84,13:02:00,2023-11-12,300,31,70.04578742,300,5,4,SP-23-0625
107,5,-84,13:02:00,2023-11-12,300,31,70.04578742,300,5,4,SP-23-0625
107,5,-84,13:02:00,2023-11-12,300,31,70.04578742,300,5,4,SP-23-0625
107,5,-84,13:02:00,2023-11-12,300,31,70.04578742,300,5,4,SP-23-0625
107,5,-84,13:02:00,2023-11-12,300,31,70.04578742,300,5,4,SP-23-0625
107,5,-84,13:02:00,2023-11-12,300,31,70.04578742,300,5,4,SP-23-0625
107,5,-84,13:02:00,2023-11-12,300,31,70.04578742,300,5,4,SP-23-0625
107,5,-84,13:02:00,2023-11-12,300,31,70.04578742,300,5,4,SP-23-0625
107,5,-84,13:02:00,2023-11-12,300,31,70.04578742,300,5,4,SP-23-0625
107,5,-84,13:02:00,2023-11-12,300,31,70.04578742,300,5,4,SP-23-0625
107,5,-84,13:02:00,2023-11-12,300,31,70.04578742,300,5,4,SP-23-0625
107,5,-84,13:02:00,2023-11-12,300,31,70.04578742,300,5,4,SP-23-0625
107,5,-84,13:02:00,2023-11-12,300,31,70.04578742,300,5,4,SP-23-0625
107,5,-84,13:02:00,2023-11-12,300,31,70.04578742,300,5,4,SP-23-0625
107,5,-84,13:02:00,2023-11-12,300,31,70.04578742,300,5,4,SP-23-0625
107,5,-84,13:02:00,2023-11-12,300,31,70.04578742,300,5,4,SP-23-0625
107,5,-84,13:02:00,2023-11-12,300,31,70.04578742,300,5,4,SP-23-0625
107,5,-84,13:02:00,2023-11-12,500,31,72.01392894,20,20,1,SP-23-0626
107,5,-84,13:02:00,2023-11-12,500,31,72.01392894,20,20,1,SP-23-0626
107,5,-84,13:02:00,2023-11-12,500,31,72.01392894,20,20,1,SP-23-0626
107,5,-84,13:02:00,2023-11-12,500,31,72.01392894,20,20,1,SP-23-0626
107,5,-84,13:02:00,2023-11-12,500,31,72.01392894,20,20,1,SP-23-0626
107,5,-84,13:02:00,2023-11-12,500,31,72.01392894,20,20,1,SP-23-0626
107,5,-84,13:02:00,2023-11-12,500,31,72.01392894,20,20,1,SP-23-0626
107,5,-84,13:02:00,2023-11-12,500,31,72.01392894,20,20,1,SP-23-0626
107,5,-84,13:02:00,2023-11-12,500,31,72.01392894,20,20,1,SP-23-0626
107,5,-84,13:02:00,2023-11-12,500,31,72.01392894,20,20,1,SP-23-0626
107,5,-84,13:02:00,2023-11-12,500,31,72.01392894,20,20,1,SP-23-0626
107,5,-84,13:02:00,2023-11-12,500,31,72.01392894,20,20,1,SP-23-0626
107,5,-84,13:02:00,2023-11-12,500,31,72.01392894,20,20,1,SP-23-0626
107,5,-84,13:02:00,2023-11-12,500,31,72.01392894,20,20,1,SP-23-0626
107,5,-84,13:02:00,2023-11-12,500,31,72.01392894,20,20,1,SP-23-0626
107,5,-84,13:02:00,2023-11-12,500,31,72.01392894,20,20,1,SP-23-0626
107,5,-84,13:02:00,2023-11-12,500,31,72.01392894,20,20,1,SP-23-0626
91,5,-83,21:13:00,2023-11-12,300,31,43.0774997,300,5,3,SP-23-0635
91,5,-83,21:13:00,2023-11-12,300,31,43.0774997,300,5,3,SP-23-0635
91,5,-83,21:13:00,2023-11-12,300,31,43.0774997,300,5,3,SP-23-0635
91,5,-83,21:13:00,2023-11-12,300,31,43.0774997,300,5,3,SP-23-0635
91,5,-83,21:13:00,2023-11-12,300,31,43.0774997,300,5,3,SP-23-0635
91,5,-83,21:13:00,2023-11-12,300,31,43.0774997,300,5,3,SP-23-0635
91,5,-83,21:13:00,2023-11-12,300,31,43.0774997,300,5,3,SP-23-0635
91,5,-83,21:13:00,2023-11-12,300,31,43.0774997,300,5,3,SP-23-0635
91,5,-83,21:13:00,2023-11-12,300,31,43.0774997,300,5,3,SP-23-0635
91,5,-83,21:13:00,2023-11-12,300,31,43.0774997,300,5,3,SP-23-0635
91,5,-83,21:13:00,2023-11-12,300,31,43.0774997,300,5,3,SP-23-0635
91,5,-83,21:13:00,2023-11-12,300,31,43.0774997,300,5,3,SP-23-0635
91,5,-83,21:13:00,2023-11-12,300,31,43.0774997,300,5,3,SP-23-0635
91,5,-83,21:13:00,2023-11-12,300,31,43.0774997,300,5,3,SP-23-0635
91,5,-83,21:13:00,2023-11-12,300,31,43.0774997,300,5,3,SP-23-0635
91,5,-83,21:13:00,2023-11-12,300,31,43.0774997,300,5,3,SP-23-0635
91,5,-83,21:13:00,2023-11-12,300,31,43.0774997,300,5,3,SP-23-0635
91,5,-83,21:13:00,2023-11-12,300,31,43.0774997,300,5,3,SP-23-0635
91,5,-83,21:13:00,2023-11-12,300,31,43.0774997,300,5,3,SP-23-0635
91,5,-83,21:13:00,2023-11-12,300,31,43.0774997,300,5,3,SP-23-0635
91,5,-83,21:13:00,2023-11-12,300,31,43.0774997,300,5,3,SP-23-0635
91,5,-83,21:13:00,2023-11-12,500,31,41.7056048,50,50,1,SP-23-0636
91,5,-83,21:13:00,2023-11-12,500,31,41.7056048,50,50,1,SP-23-0636
91,5,-83,21:13:00,2023-11-12,500,31,41.7056048,50,50,1,SP-23-0636
91,5,-83,21:13:00,2023-11-12,500,31,41.7056048,50,50,1,SP-23-0636
91,5,-83,21:13:00,2023-11-12,500,31,41.7056048,50,50,1,SP-23-0636
91,5,-83,21:13:00,2023-11-12,500,31,41.7056048,50,50,1,SP-23-0636
91,5,-83,21:13:00,2023-11-12,500,31,41.7056048,50,50,1,SP-23-0636
91,5,-83,21:13:00,2023-11-12,500,31,41.7056048,50,50,1,SP-23-0636
91,5,-83,21:13:00,2023-11-12,500,31,41.7056048,50,50,1,SP-23-0636
91,5,-83,21:13:00,2023-11-12,500,31,41.7056048,50,50,1,SP-23-0636
91,5,-83,21:13:00,2023-11-12,500,31,41.7056048,50,50,1,SP-23-0636
91,5,-83,21:13:00,2023-11-12,500,31,41.7056048,50,50,1,SP-23-0636
91,5,-83,21:13:00,2023-11-12,500,31,41.7056048,50,50,1,SP-23-0636
91,5,-83,21:13:00,2023-11-12,500,31,41.7056048,50,50,1,SP-23-0636
91,5,-83,21:13:00,2023-11-12,500,31,41.7056048,50,50,1,SP-23-0636
91,5,-83,21:13:00,2023-11-12,500,31,41.7056048,50,50,1,SP-23-0636
91,5,-83,21:13:00,2023-11-12,500,31,41.7056048,50,50,1,SP-23-0636
91,5,-83,21:13:00,2023-11-12,500,31,41.7056048,50,50,1,SP-23-0636
91,5,-83,21:13:00,2023-11-12,500,31,41.7056048,50,50,1,SP-23-0636
91,5,-83,21:13:00,2023-11-12,500,31,41.7056048,50,50,1,SP-23-0636
91,5,-83,21:13:00,2023-11-12,500,31,41.7056048,50,50,1,SP-23-0636
91,5,-83,21:13:00,2023-11-12,500,31,41.7056048,50,50,1,SP-23-0636
91,5,-83,21:13:00,2023-11-12,500,31,41.7056048,50,50,1,SP-23-0636
91,5,-83,21:13:00,2023-11-12,500,31,41.7056048,50,50,1,SP-23-0636
75,5,-82,05:40:00,2023-11-13,300,31,75.54392004,150,5,1,SP-23-0645
75,5,-82,05:40:00,2023-11-13,300,31,75.54392004,150,5,1,SP-23-0645
75,5,-82,05:40:00,2023-11-13,300,31,75.54392004,150,5,1,SP-23-0645
75,5,-82,05:40:00,2023-11-13,300,31,75.54392004,150,5,1,SP-23-0645
75,5,-82,05:40:00,2023-11-13,300,31,75.54392004,150,5,1,SP-23-0645
75,5,-82,05:40:00,2023-11-13,300,31,75.54392004,150,5,1,SP-23-0645
75,5,-82,05:40:00,2023-11-13,300,31,75.54392004,150,5,1,SP-23-0645
75,5,-82,05:40:00,2023-11-13,300,31,75.54392004,150,5,1,SP-23-0645
75,5,-82,05:40:00,2023-11-13,300,31,75.54392004,150,5,1,SP-23-0645
75,5,-82,05:40:00,2023-11-13,300,31,75.54392004,150,5,1,SP-23-0645
75,5,-82,05:40:00,2023-11-13,300,31,75.54392004,150,5,1,SP-23-0645
75,5,-82,05:40:00,2023-11-13,300,31,75.54392004,150,5,1,SP-23-0645
75,5,-82,05:40:00,2023-11-13,300,31,75.54392004,150,5,1,SP-23-0645
75,5,-82,05:40:00,2023-11-13,300,31,75.54392004,150,5,1,SP-23-0645
75,5,-82,05:40:00,2023-11-13,300,31,75.54392004,150,5,1,SP-23-0645
75,5,-82,05:40:00,2023-11-13,300,31,75.54392004,150,5,1,SP-23-0645
75,5,-82,05:40:00,2023-11-13,300,31,75.54392004,150,5,1,SP-23-0645
75,5,-82,05:40:00,2023-11-13,300,31,75.54392004,150,5,1,SP-23-0645
75,5,-82,05:40:00,2023-11-13,300,31,75.54392004,150,5,1,SP-23-0645
75,5,-82,05:40:00,2023-11-13,500,31,67.4339106,100,5,6,SP-23-0646
75,5,-82,05:40:00,2023-11-13,500,31,67.4339106,100,5,6,SP-23-0646
75,5,-82,05:40:00,2023-11-13,500,31,67.4339106,100,5,6,SP-23-0646
75,5,-82,05:40:00,2023-11-13,500,31,67.4339106,100,5,6,SP-23-0646
75,5,-82,05:40:00,2023-11-13,500,31,67.4339106,100,5,6,SP-23-0646
75,5,-82,05:40:00,2023-11-13,500,31,67.4339106,100,5,6,SP-23-0646
75,5,-82,05:40:00,2023-11-13,500,31,67.4339106,100,5,6,SP-23-0646
75,5,-82,05:40:00,2023-11-13,500,31,67.4339106,100,5,6,SP-23-0646
75,5,-82,05:40:00,2023-11-13,500,31,67.4339106,100,5,6,SP-23-0646
75,5,-82,05:40:00,2023-11-13,500,31,67.4339106,100,5,6,SP-23-0646
75,5,-82,05:40:00,2023-11-13,500,31,67.4339106,100,5,6,SP-23-0646
75,5,-82,05:40:00,2023-11-13,500,31,67.4339106,100,5,6,SP-23-0646
75,5,-82,05:40:00,2023-11-13,500,31,67.4339106,100,5,6,SP-23-0646
59,5,-81,14:09:00,2023-11-13,300,31,53.16092718,100,5,4,SP-23-0655
59,5,-81,14:09:00,2023-11-13,300,31,53.16092718,100,5,4,SP-23-0655
59,5,-81,14:09:00,2023-11-13,300,31,53.16092718,100,5,4,SP-23-0655
59,5,-81,14:09:00,2023-11-13,300,31,53.16092718,100,5,4,SP-23-0655
59,5,-81,14:09:00,2023-11-13,300,31,53.16092718,100,5,4,SP-23-0655
59,5,-81,14:09:00,2023-11-13,300,31,53.16092718,100,5,4,SP-23-0655
59,5,-81,14:09:00,2023-11-13,300,31,53.16092718,100,5,4,SP-23-0655
59,5,-81,14:09:00,2023-11-13,300,31,53.16092718,100,5,4,SP-23-0655
59,5,-81,14:09:00,2023-11-13,300,31,53.16092718,100,5,4,SP-23-0655
59,5,-81,14:09:00,2023-11-13,300,31,53.16092718,100,5,4,SP-23-0655
59,5,-81,14:09:00,2023-11-13,300,31,53.16092718,100,5,4,SP-23-0655
59,5,-81,14:09:00,2023-11-13,300,31,53.16092718,100,5,4,SP-23-0655
59,5,-81,14:09:00,2023-11-13,300,31,53.16092718,100,5,4,SP-23-0655
59,5,-81,14:09:00,2023-11-13,300,31,53.16092718,100,5,4,SP-23-0655
59,5,-81,14:09:00,2023-11-13,300,31,53.16092718,100,5,4,SP-23-0655
59,5,-81,14:09:00,2023-11-13,300,31,53.16092718,100,5,4,SP-23-0655
59,5,-81,14:09:00,2023-11-13,300,31,53.16092718,100,5,4,SP-23-0655
59,5,-81,14:09:00,2023-11-13,300,31,53.16092718,100,5,4,SP-23-0655
59,5,-81,14:09:00,2023-11-13,300,31,53.16092718,100,5,4,SP-23-0655
59,5,-81,14:09:00,2023-11-13,300,31,53.16092718,100,5,4,SP-23-0655
59,5,-81,14:09:00,2023-11-13,500,31,53.03956724,20,20,1,SP-23-0656
59,5,-81,14:09:00,2023-11-13,500,31,53.03956724,20,20,1,SP-23-0656
59,5,-81,14:09:00,2023-11-13,500,31,53.03956724,20,20,1,SP-23-0656
59,5,-81,14:09:00,2023-11-13,500,31,53.03956724,20,20,1,SP-23-0656
59,5,-81,14:09:00,2023-11-13,500,31,53.03956724,20,20,1,SP-23-0656
59,5,-81,14:09:00,2023-11-13,500,31,53.03956724,20,20,1,SP-23-0656
59,5,-81,14:09:00,2023-11-13,500,31,53.03956724,20,20,1,SP-23-0656
59,5,-81,14:09:00,2023-11-13,500,31,53.03956724,20,20,1,SP-23-0656
59,5,-81,14:09:00,2023-11-13,500,31,53.03956724,20,20,1,SP-23-0656
59,5,-81,14:09:00,2023-11-13,500,31,53.03956724,20,20,1,SP-23-0656
59,5,-81,14:09:00,2023-11-13,500,31,53.03956724,20,20,1,SP-23-0656
59,5,-81,14:09:00,2023-11-13,500,31,53.03956724,20,20,1,SP-23-0656
59,5,-81,14:09:00,2023-11-13,500,31,53.03956724,20,20,1,SP-23-0656
59,5,-81,14:09:00,2023-11-13,500,31,53.03956724,20,20,1,SP-23-0656
59,5,-81,14:09:00,2023-11-13,500,31,53.03956724,20,20,1,SP-23-0656
59,5,-81,14:09:00,2023-11-13,500,31,53.03956724,20,20,1,SP-23-0656
59,5,-81,14:09:00,2023-11-13,500,31,53.03956724,20,20,1,SP-23-0656
43,5,-80,22:40:00,2023-11-13,300,31,65.17028403,150,5,3,SP-23-0665
43,5,-80,22:40:00,2023-11-13,300,31,65.47632212,150,5,3,SP-23-0665
43,5,-80,22:40:00,2023-11-13,300,31,65.47632212,150,5,3,SP-23-0665
43,5,-80,22:40:00,2023-11-13,300,31,65.47632212,150,5,3,SP-23-0665
43,5,-80,22:40:00,2023-11-13,300,31,65.47632212,150,5,3,SP-23-0665
43,5,-80,22:40:00,2023-11-13,300,31,65.47632212,150,5,3,SP-23-0665
43,5,-80,22:40:00,2023-11-13,300,31,65.47632212,150,5,3,SP-23-0665
43,5,-80,22:40:00,2023-11-13,300,31,65.47632212,150,5,3,SP-23-0665
43,5,-80,22:40:00,2023-11-13,300,31,65.47632212,150,5,3,SP-23-0665
43,5,-80,22:40:00,2023-11-13,300,31,65.47632212,150,5,3,SP-23-0665
43,5,-80,22:40:00,2023-11-13,300,31,65.47632212,150,5,3,SP-23-0665
43,5,-80,22:40:00,2023-11-13,300,31,65.47632212,150,5,3,SP-23-0665
43,5,-80,22:40:00,2023-11-13,300,31,65.47632212,150,5,3,SP-23-0665
43,5,-80,22:40:00,2023-11-13,300,31,65.47632212,150,5,3,SP-23-0665
43,5,-80,22:40:00,2023-11-13,300,31,65.47632212,150,5,3,SP-23-0665
43,5,-80,22:40:00,2023-11-13,300,31,65.47632212,150,5,3,SP-23-0665
43,5,-80,22:40:00,2023-11-13,300,31,65.47632212,150,5,3,SP-23-0665
43,5,-80,22:40:00,2023-11-13,300,31,65.47632212,150,5,3,SP-23-0665
43,5,-80,22:40:00,2023-11-13,300,31,65.47632212,150,5,3,SP-23-0665
43,5,-80,22:40:00,2023-11-13,300,31,65.47632212,150,5,3,SP-23-0665
43,5,-80,22:40:00,2023-11-13,500,31,65.17028403,100,5,2,SP-23-0666
43,5,-80,22:40:00,2023-11-13,500,31,65.17028403,100,5,2,SP-23-0666
43,5,-80,22:40:00,2023-11-13,500,31,65.17028403,100,5,2,SP-23-0666
43,5,-80,22:40:00,2023-11-13,500,31,65.17028403,100,5,2,SP-23-0666
43,5,-80,22:40:00,2023-11-13,500,31,65.17028403,100,5,2,SP-23-0666
43,5,-80,22:40:00,2023-11-13,500,31,65.17028403,100,5,2,SP-23-0666
43,5,-80,22:40:00,2023-11-13,500,31,65.17028403,100,5,2,SP-23-0666
43,5,-80,22:40:00,2023-11-13,500,31,65.17028403,100,5,2,SP-23-0666
43,5,-80,22:40:00,2023-11-13,500,31,65.17028403,100,5,2,SP-23-0666
43,5,-80,22:40:00,2023-11-13,500,31,65.17028403,100,5,2,SP-23-0666
43,5,-80,22:40:00,2023-11-13,500,31,65.17028403,100,5,2,SP-23-0666
43,5,-80,22:40:00,2023-11-13,500,31,65.17028403,100,5,2,SP-23-0666
43,5,-80,22:40:00,2023-11-13,500,31,65.17028403,100,5,2,SP-23-0666
43,5,-80,22:40:00,2023-11-13,500,31,65.17028403,100,5,2,SP-23-0666
1,6.5,-77.5,06:44:00,2023-11-16,300,31,54.73860631,20,20,1,SP-23-0705
1,6.5,-77.5,06:44:00,2023-11-16,300,31,54.73860631,20,20,1,SP-23-0705
1,6.5,-77.5,06:44:00,2023-11-16,300,31,54.73860631,20,20,1,SP-23-0705
1,6.5,-77.5,06:44:00,2023-11-16,300,31,54.73860631,20,20,1,SP-23-0705
1,6.5,-77.5,06:44:00,2023-11-16,300,31,54.73860631,20,20,1,SP-23-0705
1,6.5,-77.5,06:44:00,2023-11-16,300,31,54.73860631,20,20,1,SP-23-0705
1,6.5,-77.5,06:44:00,2023-11-16,300,31,54.73860631,20,20,1,SP-23-0705
1,6.5,-77.5,06:44:00,2023-11-16,300,31,54.73860631,20,20,1,SP-23-0705
1,6.5,-77.5,06:44:00,2023-11-16,300,31,54.73860631,20,20,1,SP-23-0705
1,6.5,-77.5,06:44:00,2023-11-16,500,31,55.05519744,20,20,1,SP-23-0706
1,6.5,-77.5,06:44:00,2023-11-16,500,31,55.05519744,20,20,1,SP-23-0706
1,6.5,-77.5,06:44:00,2023-11-16,500,31,55.05519744,20,20,1,SP-23-0706
1,6.5,-77.5,06:44:00,2023-11-16,500,31,55.05519744,20,20,1,SP-23-0706
1,6.5,-77.5,06:44:00,2023-11-16,500,31,55.05519744,20,20,1,SP-23-0706
1,6.5,-77.5,06:44:00,2023-11-16,500,31,55.05519744,20,20,1,SP-23-0706
10,6,-78,13:00:00,2023-11-16,300,31,44.64462579,20,20,1,SP-23-0713
10,6,-78,13:00:00,2023-11-16,300,31,44.64462579,20,20,1,SP-23-0713
10,6,-78,13:00:00,2023-11-16,300,31,44.64462579,20,20,1,SP-23-0713
10,6,-78,13:00:00,2023-11-16,300,31,44.64462579,20,20,1,SP-23-0713
10,6,-78,13:00:00,2023-11-16,300,31,44.64462579,20,20,1,SP-23-0713
10,6,-78,13:00:00,2023-11-16,500,31,43.56821595,100,5,2,SP-23-0714
10,6,-78,13:00:00,2023-11-16,500,31,43.56821595,100,5,2,SP-23-0714
10,6,-78,13:00:00,2023-11-16,500,31,43.56821595,100,5,2,SP-23-0714
10,6,-78,13:00:00,2023-11-16,500,31,43.56821595,100,5,2,SP-23-0714
10,6,-78,13:00:00,2023-11-16,500,31,43.56821595,100,5,2,SP-23-0714
10,6,-78,13:00:00,2023-11-16,500,31,43.56821595,100,5,2,SP-23-0714
3,5.5,-77.5,21:12:00,2023-11-16,300,31,112.806696,20,20,1,SP-23-0723
3,5.5,-77.5,21:12:00,2023-11-16,300,31,112.806696,20,20,1,SP-23-0723
3,5.5,-77.5,21:12:00,2023-11-16,300,31,112.806696,20,20,1,SP-23-0723
3,5.5,-77.5,21:12:00,2023-11-16,300,31,112.806696,20,20,1,SP-23-0723
3,5.5,-77.5,21:12:00,2023-11-16,300,31,112.806696,20,20,1,SP-23-0723
3,5.5,-77.5,21:12:00,2023-11-16,300,31,112.806696,20,20,1,SP-23-0723
3,5.5,-77.5,21:12:00,2023-11-16,300,31,112.806696,20,20,1,SP-23-0723
3,5.5,-77.5,21:12:00,2023-11-16,500,31,115.3341485,150,5,5,SP-23-0724
3,5.5,-77.5,21:12:00,2023-11-16,500,31,115.3341485,150,5,5,SP-23-0724
3,5.5,-77.5,21:12:00,2023-11-16,500,31,115.3341485,150,5,5,SP-23-0724
3,5.5,-77.5,21:12:00,2023-11-16,500,31,115.3341485,150,5,5,SP-23-0724
3,5.5,-77.5,21:12:00,2023-11-16,500,31,115.3341485,150,5,5,SP-23-0724
3,5.5,-77.5,21:12:00,2023-11-16,500,31,115.3341485,150,5,5,SP-23-0724
3,5.5,-77.5,21:12:00,2023-11-16,500,31,115.3341485,150,5,5,SP-23-0724
3,5.5,-77.5,21:12:00,2023-11-16,500,31,115.3341485,150,5,5,SP-23-0724
3,5.5,-77.5,21:12:00,2023-11-16,500,31,115.3341485,150,5,5,SP-23-0724
3,5.5,-77.5,21:12:00,2023-11-16,500,31,115.3341485,150,5,5,SP-23-0724
3,5.5,-77.5,21:12:00,2023-11-16,500,31,115.3341485,150,5,5,SP-23-0724
3,5.5,-77.5,21:12:00,2023-11-16,500,31,115.3341485,150,5,5,SP-23-0724
3,5.5,-77.5,21:12:00,2023-11-16,500,31,115.3341485,150,5,5,SP-23-0724
3,5.5,-77.5,21:12:00,2023-11-16,500,31,115.3341485,150,5,5,SP-23-0724
3,5.5,-77.5,21:12:00,2023-11-16,500,31,115.3341485,150,5,5,SP-23-0724
3,5.5,-77.5,21:12:00,2023-11-16,500,31,115.3341485,150,5,5,SP-23-0724
3,5.5,-77.5,21:12:00,2023-11-16,500,31,115.3341485,150,5,5,SP-23-0724
3,5.5,-77.5,21:12:00,2023-11-16,500,31,115.3341485,150,5,5,SP-23-0724
3,5.5,-77.5,21:12:00,2023-11-16,500,31,115.3341485,150,5,5,SP-23-0724
3,5.5,-77.5,21:12:00,2023-11-16,500,31,115.3341485,150,5,5,SP-23-0724
12,5,-78,04:53:00,2023-11-17,300,31,75.12179853,200,5,3,SP-23-0729
12,5,-78,04:53:00,2023-11-17,300,31,75.12179853,200,5,3,SP-23-0729
12,5,-78,04:53:00,2023-11-17,300,31,75.12179853,200,5,3,SP-23-0729
12,5,-78,04:53:00,2023-11-17,300,31,75.12179853,200,5,3,SP-23-0729
12,5,-78,04:53:00,2023-11-17,300,31,75.12179853,200,5,3,SP-23-0729
12,5,-78,04:53:00,2023-11-17,300,31,75.12179853,200,5,3,SP-23-0729
12,5,-78,04:53:00,2023-11-17,300,31,75.12179853,200,5,3,SP-23-0729
12,5,-78,04:53:00,2023-11-17,300,31,75.12179853,200,5,3,SP-23-0729
12,5,-78,04:53:00,2023-11-17,300,31,75.12179853,200,5,3,SP-23-0729
12,5,-78,04:53:00,2023-11-17,300,31,75.12179853,200,5,3,SP-23-0729
12,5,-78,04:53:00,2023-11-17,300,31,75.12179853,200,5,3,SP-23-0729
12,5,-78,04:53:00,2023-11-17,300,31,75.12179853,200,5,3,SP-23-0729
12,5,-78,04:53:00,2023-11-17,500,31,79.36939619,150,5,2,SP-23-0730
12,5,-78,04:53:00,2023-11-17,500,31,79.36939619,150,5,2,SP-23-0730
12,5,-78,04:53:00,2023-11-17,500,31,79.36939619,150,5,2,SP-23-0730
12,5,-78,04:53:00,2023-11-17,500,31,79.36939619,150,5,2,SP-23-0730
12,5,-78,04:53:00,2023-11-17,500,31,79.36939619,150,5,2,SP-23-0730
12,5,-78,04:53:00,2023-11-17,500,31,79.36939619,150,5,2,SP-23-0730
12,5,-78,04:53:00,2023-11-17,500,31,79.36939619,150,5,2,SP-23-0730
12,5,-78,04:53:00,2023-11-17,500,31,79.36939619,150,5,2,SP-23-0730
12,5,-78,04:53:00,2023-11-17,500,31,79.36939619,150,5,2,SP-23-0730
12,5,-78,04:53:00,2023-11-17,500,31,79.36939619,150,5,2,SP-23-0730
12,5,-78,04:53:00,2023-11-17,500,31,79.36939619,150,5,2,SP-23-0730
12,5,-78,04:53:00,2023-11-17,500,31,79.36939619,150,5,2,SP-23-0730
12,5,-78,04:53:00,2023-11-17,500,31,79.36939619,150,5,2,SP-23-0730
14,4.5,-77.5,18:53:00,2023-11-17,300,31,79.94453674,125,5,1,SP-23-0739
14,4.5,-77.5,18:53:00,2023-11-17,300,31,79.94453674,125,5,1,SP-23-0739
14,4.5,-77.5,18:53:00,2023-11-17,300,31,79.94453674,125,5,1,SP-23-0739
14,4.5,-77.5,18:53:00,2023-11-17,300,31,79.94453674,125,5,1,SP-23-0739
14,4.5,-77.5,18:53:00,2023-11-17,300,31,79.94453674,125,5,1,SP-23-0739
14,4.5,-77.5,18:53:00,2023-11-17,300,31,79.94453674,125,5,1,SP-23-0739
14,4.5,-77.5,18:53:00,2023-11-17,300,31,79.94453674,125,5,1,SP-23-0739
14,4.5,-77.5,18:53:00,2023-11-17,300,31,79.94453674,125,5,1,SP-23-0739
14,4.5,-77.5,18:53:00,2023-11-17,300,31,79.94453674,125,5,1,SP-23-0739
14,4.5,-77.5,18:53:00,2023-11-17,300,31,79.94453674,125,5,1,SP-23-0739
14,4.5,-77.5,18:53:00,2023-11-17,300,31,79.94453674,125,5,1,SP-23-0739
14,4.5,-77.5,18:53:00,2023-11-17,300,31,79.94453674,125,5,1,SP-23-0739
14,4.5,-77.5,18:53:00,2023-11-17,300,31,79.94453674,125,5,1,SP-23-0739
14,4.5,-77.5,18:53:00,2023-11-17,300,31,79.94453674,125,5,1,SP-23-0739
14,4.5,-77.5,18:53:00,2023-11-17,300,31,79.94453674,125,5,1,SP-23-0739
14,4.5,-77.5,18:53:00,2023-11-17,300,31,79.94453674,125,5,1,SP-23-0739
14,4.5,-77.5,18:53:00,2023-11-17,300,31,79.94453674,125,5,1,SP-23-0739
14,4.5,-77.5,18:53:00,2023-11-17,300,31,79.94453674,125,5,1,SP-23-0739
14,4.5,-77.5,18:53:00,2023-11-17,300,31,79.94453674,125,5,1,SP-23-0739
14,4.5,-77.5,18:53:00,2023-11-17,300,31,79.94453674,125,5,1,SP-23-0739
14,4.5,-77.5,18:53:00,2023-11-17,500,31,72.48881564,100,5,9,SP-23-0740
14,4.5,-77.5,18:53:00,2023-11-17,500,31,72.48881564,100,5,9,SP-23-0740
14,4.5,-77.5,18:53:00,2023-11-17,500,31,72.48881564,100,5,9,SP-23-0740
14,4.5,-77.5,18:53:00,2023-11-17,500,31,72.48881564,100,5,9,SP-23-0740
14,4.5,-77.5,18:53:00,2023-11-17,500,31,72.48881564,100,5,9,SP-23-0740
14,4.5,-77.5,18:53:00,2023-11-17,500,31,72.48881564,100,5,9,SP-23-0740
14,4.5,-77.5,18:53:00,2023-11-17,500,31,72.48881564,100,5,9,SP-23-0740
14,4.5,-77.5,18:53:00,2023-11-17,500,31,72.48881564,100,5,9,SP-23-0740
14,4.5,-77.5,18:53:00,2023-11-17,500,31,72.48881564,100,5,9,SP-23-0740
14,4.5,-77.5,18:53:00,2023-11-17,500,31,72.48881564,100,5,9,SP-23-0740
14,4.5,-77.5,18:53:00,2023-11-17,500,31,72.48881564,100,5,9,SP-23-0740
14,4.5,-77.5,18:53:00,2023-11-17,500,31,72.48881564,100,5,9,SP-23-0740
14,4.5,-77.5,18:53:00,2023-11-17,500,31,72.48881564,100,5,9,SP-23-0740
14,4.5,-77.5,18:53:00,2023-11-17,500,31,72.48881564,100,5,9,SP-23-0740
14,4.5,-77.5,18:53:00,2023-11-17,500,31,72.48881564,100,5,9,SP-23-0740
7,3.5,-77.5,01:35:00,2023-11-18,300,31,73.94513483,350,5,1,SP-23-0749
7,3.5,-77.5,01:35:00,2023-11-18,300,31,73.94513483,350,5,1,SP-23-0749
7,3.5,-77.5,01:35:00,2023-11-18,300,31,73.94513483,350,5,1,SP-23-0749
7,3.5,-77.5,01:35:00,2023-11-18,300,31,73.94513483,350,5,1,SP-23-0749
7,3.5,-77.5,01:35:00,2023-11-18,300,31,73.94513483,350,5,1,SP-23-0749
7,3.5,-77.5,01:35:00,2023-11-18,300,31,73.94513483,350,5,1,SP-23-0749
7,3.5,-77.5,01:35:00,2023-11-18,300,31,73.94513483,350,5,1,SP-23-0749
7,3.5,-77.5,01:35:00,2023-11-18,300,31,73.94513483,350,5,1,SP-23-0749
7,3.5,-77.5,01:35:00,2023-11-18,300,31,73.94513483,350,5,1,SP-23-0749
7,3.5,-77.5,01:35:00,2023-11-18,300,31,73.94513483,350,5,1,SP-23-0749
7,3.5,-77.5,01:35:00,2023-11-18,300,31,73.94513483,350,5,1,SP-23-0749
7,3.5,-77.5,01:35:00,2023-11-18,300,31,73.94513483,350,5,1,SP-23-0749
7,3.5,-77.5,01:35:00,2023-11-18,500,31,63.65592312,50,50,1,SP-23-0750
29,4,-79,11:18:00,2023-11-14,300,31,58.63795372,80,5,5,SP-23-0675
29,4,-79,11:18:00,2023-11-14,300,31,58.63795372,80,5,5,SP-23-0675
29,4,-79,11:18:00,2023-11-14,300,31,58.63795372,80,5,5,SP-23-0675
29,4,-79,11:18:00,2023-11-14,300,31,58.63795372,80,5,5,SP-23-0675
29,4,-79,11:18:00,2023-11-14,300,31,58.63795372,80,5,5,SP-23-0675
29,4,-79,11:18:00,2023-11-14,300,31,58.63795372,80,5,5,SP-23-0675
29,4,-79,11:18:00,2023-11-14,300,31,58.63795372,80,5,5,SP-23-0675
29,4,-79,11:18:00,2023-11-14,300,31,58.63795372,80,5,5,SP-23-0675
29,4,-79,11:18:00,2023-11-14,300,31,58.63795372,80,5,5,SP-23-0675
29,4,-79,11:18:00,2023-11-14,300,31,58.63795372,80,5,5,SP-23-0675
29,4,-79,11:18:00,2023-11-14,300,31,58.63795372,80,5,5,SP-23-0675
29,4,-79,11:18:00,2023-11-14,300,31,58.63795372,80,5,5,SP-23-0675
29,4,-79,11:18:00,2023-11-14,300,31,58.63795372,80,5,5,SP-23-0675
29,4,-79,11:18:00,2023-11-14,300,31,58.63795372,80,5,5,SP-23-0675
29,4,-79,11:18:00,2023-11-14,300,31,58.63795372,80,5,5,SP-23-0675
29,4,-79,11:18:00,2023-11-14,300,31,58.63795372,80,5,5,SP-23-0675
29,4,-79,11:18:00,2023-11-14,300,31,58.63795372,80,5,5,SP-23-0675
29,4,-79,11:18:00,2023-11-14,300,31,58.63795372,80,5,5,SP-23-0675
29,4,-79,11:18:00,2023-11-14,300,31,58.63795372,80,5,5,SP-23-0675
29,4,-79,11:18:00,2023-11-14,300,31,58.63795372,80,5,5,SP-23-0675
29,4,-79,11:18:00,2023-11-14,300,31,58.63795372,80,5,5,SP-23-0675
29,4,-79,11:18:00,2023-11-14,300,31,58.63795372,80,5,5,SP-23-0675
29,4,-79,11:18:00,2023-11-14,300,31,58.63795372,80,5,5,SP-23-0675
29,4,-79,11:18:00,2023-11-14,300,31,58.63795372,80,5,5,SP-23-0675
29,4,-79,11:18:00,2023-11-14,300,31,58.63795372,80,5,5,SP-23-0675
29,4,-79,11:18:00,2023-11-14,300,31,58.63795372,80,5,5,SP-23-0675
29,4,-79,11:18:00,2023-11-14,300,31,58.63795372,80,5,5,SP-23-0675
29,4,-79,11:18:00,2023-11-14,300,31,58.63795372,80,5,5,SP-23-0675
29,4,-79,11:18:00,2023-11-14,300,31,58.63795372,80,5,5,SP-23-0675
29,4,-79,11:18:00,2023-11-14,300,31,58.63795372,80,5,5,SP-23-0675
29,4,-79,11:18:00,2023-11-14,300,31,58.63795372,80,5,5,SP-23-0675
29,4,-79,11:18:00,2023-11-14,500,31,58.996757,40,5,6,SP-23-0676
29,4,-79,11:18:00,2023-11-14,500,31,58.996757,40,5,6,SP-23-0676
29,4,-79,11:18:00,2023-11-14,500,31,58.996757,40,5,6,SP-23-0676
29,4,-79,11:18:00,2023-11-14,500,31,58.996757,40,5,6,SP-23-0676
29,4,-79,11:18:00,2023-11-14,500,31,58.996757,40,5,6,SP-23-0676
29,4,-79,11:18:00,2023-11-14,500,31,58.996757,40,5,6,SP-23-0676
29,4,-79,11:18:00,2023-11-14,500,31,58.996757,40,5,6,SP-23-0676
29,4,-79,11:18:00,2023-11-14,500,31,58.996757,40,5,6,SP-23-0676
29,4,-79,11:18:00,2023-11-14,500,31,58.996757,40,5,6,SP-23-0676
29,4,-79,11:18:00,2023-11-14,500,31,58.996757,40,5,6,SP-23-0676
29,4,-79,11:18:00,2023-11-14,500,31,58.996757,40,5,6,SP-23-0676
29,4,-79,11:18:00,2023-11-14,500,31,58.996757,40,5,6,SP-23-0676
29,4,-79,11:18:00,2023-11-14,500,31,58.996757,40,5,6,SP-23-0676
29,4,-79,11:18:00,2023-11-14,500,31,58.996757,40,5,6,SP-23-0676
29,4,-79,11:18:00,2023-11-14,500,31,58.996757,40,5,6,SP-23-0676
29,4,-79,11:18:00,2023-11-14,500,31,58.996757,40,5,6,SP-23-0676
29,4,-79,11:18:00,2023-11-14,500,31,58.996757,40,5,6,SP-23-0676
29,4,-79,11:18:00,2023-11-14,500,31,58.996757,40,5,6,SP-23-0676
29,4,-79,11:18:00,2023-11-14,500,31,58.996757,40,5,6,SP-23-0676
29,4,-79,11:18:00,2023-11-14,500,31,58.996757,40,5,6,SP-23-0676
27,5,-79,00:52:00,2023-11-15,300,31,48.98720079,80,5,2,SP-23-0685
27,5,-79,00:52:00,2023-11-15,300,31,48.98720079,80,5,2,SP-23-0685
27,5,-79,00:52:00,2023-11-15,300,31,48.98720079,80,5,2,SP-23-0685
27,5,-79,00:52:00,2023-11-15,300,31,48.98720079,80,5,2,SP-23-0685
27,5,-79,00:52:00,2023-11-15,300,31,48.98720079,80,5,2,SP-23-0685
27,5,-79,00:52:00,2023-11-15,300,31,48.98720079,80,5,2,SP-23-0685
27,5,-79,00:52:00,2023-11-15,300,31,48.98720079,80,5,2,SP-23-0685
27,5,-79,00:52:00,2023-11-15,300,31,48.98720079,80,5,2,SP-23-0685
27,5,-79,00:52:00,2023-11-15,300,31,48.98720079,80,5,2,SP-23-0685
27,5,-79,00:52:00,2023-11-15,300,31,48.98720079,80,5,2,SP-23-0685
27,5,-79,00:52:00,2023-11-15,300,31,48.98720079,80,5,2,SP-23-0685
27,5,-79,00:52:00,2023-11-15,300,31,48.98720079,80,5,2,SP-23-0685
27,5,-79,00:52:00,2023-11-15,300,31,48.98720079,80,5,2,SP-23-0685
27,5,-79,00:52:00,2023-11-15,300,31,48.98720079,80,5,2,SP-23-0685
27,5,-79,00:52:00,2023-11-15,300,31,48.98720079,80,5,2,SP-23-0685
27,5,-79,00:52:00,2023-11-15,300,31,48.98720079,80,5,2,SP-23-0685
27,5,-79,00:52:00,2023-11-15,300,31,48.98720079,80,5,2,SP-23-0685
27,5,-79,00:52:00,2023-11-15,300,31,48.98720079,80,5,2,SP-23-0685
27,5,-79,00:52:00,2023-11-15,300,31,48.98720079,80,5,2,SP-23-0685
27,5,-79,00:52:00,2023-11-15,300,31,48.98720079,80,5,2,SP-23-0685
27,5,-79,00:52:00,2023-11-15,300,31,48.98720079,80,5,2,SP-23-0685
27,5,-79,00:52:00,2023-11-15,300,31,48.98720079,80,5,2,SP-23-0685
27,5,-79,00:52:00,2023-11-15,300,31,48.98720079,80,5,2,SP-23-0685
27,5,-79,00:52:00,2023-11-15,300,31,48.98720079,80,5,2,SP-23-0685
27,5,-79,00:52:00,2023-11-15,300,31,48.98720079,80,5,2,SP-23-0685
27,5,-79,00:52:00,2023-11-15,300,31,48.98720079,80,5,2,SP-23-0685
27,5,-79,00:52:00,2023-11-15,300,31,48.98720079,80,5,2,SP-23-0685
27,5,-79,00:52:00,2023-11-15,300,31,48.98720079,80,5,2,SP-23-0685
27,5,-79,00:52:00,2023-11-15,300,31,48.98720079,80,5,2,SP-23-0685
27,5,-79,00:52:00,2023-11-15,300,31,48.98720079,80,5,2,SP-23-0685
27,5,-79,00:52:00,2023-11-15,300,31,48.98720079,80,5,2,SP-23-0685
27,5,-79,00:52:00,2023-11-15,300,31,48.98720079,80,5,2,SP-23-0685
27,5,-79,00:52:00,2023-11-15,300,31,48.98720079,80,5,2,SP-23-0685
27,5,-79,00:52:00,2023-11-15,300,31,48.98720079,80,5,2,SP-23-0685
27,5,-79,00:52:00,2023-11-15,300,31,48.98720079,80,5,2,SP-23-0685
27,5,-79,00:52:00,2023-11-15,300,31,48.98720079,80,5,2,SP-23-0685
27,5,-79,00:52:00,2023-11-15,300,31,48.98720079,80,5,2,SP-23-0685
27,5,-79,00:52:00,2023-11-15,300,31,48.98720079,80,5,2,SP-23-0685
27,5,-79,00:52:00,2023-11-15,300,31,48.98720079,80,5,2,SP-23-0685
27,5,-79,00:52:00,2023-11-15,300,31,48.98720079,80,5,2,SP-23-0685
27,5,-79,00:52:00,2023-11-15,300,31,48.98720079,80,5,2,SP-23-0685
27,5,-79,00:52:00,2023-11-15,300,31,48.98720079,80,5,2,SP-23-0685
27,5,-79,00:52:00,2023-11-15,500,31,36.21274871,40,5,4,SP-23-0686
27,5,-79,00:52:00,2023-11-15,500,31,36.21274871,40,5,4,SP-23-0686
27,5,-79,00:52:00,2023-11-15,500,31,36.21274871,40,5,4,SP-23-0686
27,5,-79,00:52:00,2023-11-15,500,31,36.21274871,40,5,4,SP-23-0686
27,5,-79,00:52:00,2023-11-15,500,31,36.21274871,40,5,4,SP-23-0686
27,5,-79,00:52:00,2023-11-15,500,31,36.21274871,40,5,4,SP-23-0686
27,5,-79,00:52:00,2023-11-15,500,31,36.21274871,40,5,4,SP-23-0686
27,5,-79,00:52:00,2023-11-15,500,31,36.21274871,40,5,4,SP-23-0686
27,5,-79,00:52:00,2023-11-15,500,31,36.21274871,40,5,4,SP-23-0686
27,5,-79,00:52:00,2023-11-15,500,31,36.21274871,40,5,4,SP-23-0686
27,5,-79,00:52:00,2023-11-15,500,31,36.21274871,40,5,4,SP-23-0686
27,5,-79,00:52:00,2023-11-15,500,31,36.21274871,40,5,4,SP-23-0686
27,5,-79,00:52:00,2023-11-15,500,31,36.21274871,40,5,4,SP-23-0686
27,5,-79,00:52:00,2023-11-15,500,31,36.21274871,40,5,4,SP-23-0686
27,5,-79,00:52:00,2023-11-15,500,31,36.21274871,40,5,4,SP-23-0686
27,5,-79,00:52:00,2023-11-15,500,31,36.21274871,40,5,4,SP-23-0686
27,5,-79,00:52:00,2023-11-15,500,31,36.21274871,40,5,4,SP-23-0686
27,5,-79,00:52:00,2023-11-15,500,31,36.21274871,40,5,4,SP-23-0686
27,5,-79,00:52:00,2023-11-15,500,31,36.21274871,40,5,4,SP-23-0686
27,5,-79,00:52:00,2023-11-15,500,31,36.21274871,40,5,4,SP-23-0686
27,5,-79,00:52:00,2023-11-15,500,31,36.21274871,40,5,4,SP-23-0686
27,5,-79,00:52:00,2023-11-15,500,31,36.21274871,40,5,4,SP-23-0686
27,5,-79,00:52:00,2023-11-15,500,31,36.21274871,40,5,4,SP-23-0686
27,5,-79,00:52:00,2023-11-15,500,31,36.21274871,40,5,4,SP-23-0686
27,5,-79,00:52:00,2023-11-15,500,31,36.21274871,40,5,4,SP-23-0686
27,5,-79,00:52:00,2023-11-15,500,31,36.21274871,40,5,4,SP-23-0686
25,6,-79,14:24:00,2023-11-15,300,31,63.16520687,100,5,1,SP-23-0695
25,6,-79,14:24:00,2023-11-15,300,31,63.16520687,100,5,1,SP-23-0695
25,6,-79,14:24:00,2023-11-15,300,31,63.16520687,100,5,1,SP-23-0695
25,6,-79,14:24:00,2023-11-15,300,31,63.16520687,100,5,1,SP-23-0695
25,6,-79,14:24:00,2023-11-15,300,31,63.16520687,100,5,1,SP-23-0695
25,6,-79,14:24:00,2023-11-15,300,31,63.16520687,100,5,1,SP-23-0695
25,6,-79,14:24:00,2023-11-15,300,31,63.16520687,100,5,1,SP-23-0695
25,6,-79,14:24:00,2023-11-15,300,31,63.16520687,100,5,1,SP-23-0695
25,6,-79,14:24:00,2023-11-15,300,31,63.16520687,100,5,1,SP-23-0695
25,6,-79,14:24:00,2023-11-15,300,31,63.16520687,100,5,1,SP-23-0695
25,6,-79,14:24:00,2023-11-15,300,31,63.16520687,100,5,1,SP-23-0695
25,6,-79,14:24:00,2023-11-15,300,31,63.16520687,100,5,1,SP-23-0695
25,6,-79,14:24:00,2023-11-15,300,31,63.16520687,100,5,1,SP-23-0695
25,6,-79,14:24:00,2023-11-15,300,31,63.16520687,100,5,1,SP-23-0695
25,6,-79,14:24:00,2023-11-15,300,31,63.16520687,100,5,1,SP-23-0695
25,6,-79,14:24:00,2023-11-15,300,31,63.16520687,100,5,1,SP-23-0695
25,6,-79,14:24:00,2023-11-15,300,31,63.16520687,100,5,1,SP-23-0695
25,6,-79,14:24:00,2023-11-15,300,31,63.16520687,100,5,1,SP-23-0695
25,6,-79,14:24:00,2023-11-15,300,31,63.16520687,100,5,1,SP-23-0695
25,6,-79,14:24:00,2023-11-15,300,31,63.16520687,100,5,1,SP-23-0695
25,6,-79,14:24:00,2023-11-15,500,31,166.4372333,40,5,4,SP-23-0696
25,6,-79,14:24:00,2023-11-15,500,31,166.4372333,40,5,4,SP-23-0696
25,6,-79,14:24:00,2023-11-15,500,31,166.4372333,40,5,4,SP-23-0696
25,6,-79,14:24:00,2023-11-15,500,31,166.4372333,40,5,4,SP-23-0696
25,6,-79,14:24:00,2023-11-15,500,31,166.4372333,40,5,4,SP-23-0696
25,6,-79,14:24:00,2023-11-15,500,31,166.4372333,40,5,4,SP-23-0696
25,6,-79,14:24:00,2023-11-15,500,31,166.4372333,40,5,4,SP-23-0696
25,6,-79,14:24:00,2023-11-15,500,31,166.4372333,40,5,4,SP-23-0696
25,6,-79,14:24:00,2023-11-15,500,31,166.4372333,40,5,4,SP-23-0696
25,6,-79,14:24:00,2023-11-15,500,31,166.4372333,40,5,4,SP-23-0696
25,6,-79,14:24:00,2023-11-15,500,31,166.4372333,40,5,4,SP-23-0696
25,6,-79,14:24:00,2023-11-15,500,31,166.4372333,40,5,4,SP-23-0696
25,6,-79,14:24:00,2023-11-15,500,31,166.4372333,40,5,4,SP-23-0696
25,6,-79,14:24:00,2023-11-15,500,31,166.4372333,40,5,4,SP-23-0696
25,6,-79,14:24:00,2023-11-15,500,31,166.4372333,40,5,4,SP-23-0696
25,6,-79,14:24:00,2023-11-15,500,31,166.4372333,40,5,4,SP-23-0696
25,6,-79,14:24:00,2023-11-15,500,31,166.4372333,40,5,4,SP-23-0696
25,6,-79,14:24:00,2023-11-15,500,31,166.4372333,40,5,4,SP-23-0696
25,6,-79,14:24:00,2023-11-15,500,31,166.4372333,40,5,4,SP-23-0696
25,6,-79,14:24:00,2023-11-15,500,31,166.4372333,40,5,4,SP-23-0696
25,6,-79,14:24:00,2023-11-15,500,31,166.4372333,40,5,4,SP-23-0696
25,6,-79,14:24:00,2023-11-15,500,31,166.4372333,40,5,4,SP-23-0696
25,6,-79,14:24:00,2023-11-15,500,31,166.4372333,40,5,4,SP-23-0696
25,6,-79,14:24:00,2023-11-15,500,31,166.4372333,40,5,4,SP-23-0696
25,6,-79,14:24:00,2023-11-15,500,31,166.4372333,40,5,4,SP-23-0696
25,6,-79,14:24:00,2023-11-15,500,31,166.4372333,40,5,4,SP-23-0696
25,6,-79,14:24:00,2023-11-15,500,31,166.4372333,40,5,4,SP-23-0696
25,6,-79,14:24:00,2023-11-15,500,31,166.4372333,40,5,4,SP-23-0696
25,6,-79,14:24:00,2023-11-15,500,31,166.4372333,40,5,4,SP-23-0696
25,6,-79,14:24:00,2023-11-15,500,31,166.4372333,40,5,4,SP-23-0696
25,6,-79,14:24:00,2023-11-15,500,31,166.4372333,40,5,4,SP-23-0696
25,6,-79,14:24:00,2023-11-15,500,31,166.4372333,40,5,4,SP-23-0696
25,6,-79,14:24:00,2023-11-15,500,31,166.4372333,40,5,4,SP-23-0696
31,3,-79,16:27:00,2023-11-18,300,31,47.63641197,40,5,4,SP-23-0754
31,3,-79,16:27:00,2023-11-18,300,31,47.63641197,40,5,4,SP-23-0754
31,3,-79,16:27:00,2023-11-18,300,31,47.63641197,40,5,4,SP-23-0754
31,3,-79,16:27:00,2023-11-18,300,31,47.63641197,40,5,4,SP-23-0754
31,3,-79,16:27:00,2023-11-18,300,31,47.63641197,40,5,4,SP-23-0754
31,3,-79,16:27:00,2023-11-18,300,31,47.63641197,40,5,4,SP-23-0754
31,3,-79,16:27:00,2023-11-18,300,31,47.63641197,40,5,4,SP-23-0754
31,3,-79,16:27:00,2023-11-18,300,31,47.63641197,40,5,4,SP-23-0754
31,3,-79,16:27:00,2023-11-18,300,31,47.63641197,40,5,4,SP-23-0754
31,3,-79,16:27:00,2023-11-18,300,31,47.63641197,40,5,4,SP-23-0754
31,3,-79,16:27:00,2023-11-18,300,31,47.63641197,40,5,4,SP-23-0754
31,3,-79,16:27:00,2023-11-18,300,31,47.63641197,40,5,4,SP-23-0754
31,3,-79,16:27:00,2023-11-18,300,31,47.63641197,40,5,4,SP-23-0754
31,3,-79,16:27:00,2023-11-18,300,31,47.63641197,40,5,4,SP-23-0754
31,3,-79,16:27:00,2023-11-18,300,31,47.63641197,40,5,4,SP-23-0754
31,3,-79,16:27:00,2023-11-18,300,31,47.63641197,40,5,4,SP-23-0754
31,3,-79,16:27:00,2023-11-18,300,31,47.63641197,40,5,4,SP-23-0754
31,3,-79,16:27:00,2023-11-18,300,31,47.63641197,40,5,4,SP-23-0754
31,3,-79,16:27:00,2023-11-18,300,31,47.63641197,40,5,4,SP-23-0754
31,3,-79,16:27:00,2023-11-18,300,31,47.63641197,40,5,4,SP-23-0754
31,3,-79,16:27:00,2023-11-18,500,31,48.93971212,40,5,4,SP-23-0755
31,3,-79,16:27:00,2023-11-18,500,31,48.93971212,40,5,4,SP-23-0755
31,3,-79,16:27:00,2023-11-18,500,31,48.93971212,40,5,4,SP-23-0755
31,3,-79,16:27:00,2023-11-18,500,31,48.93971212,40,5,4,SP-23-0755
31,3,-79,16:27:00,2023-11-18,500,31,48.93971212,40,5,4,SP-23-0755
31,3,-79,16:27:00,2023-11-18,500,31,48.93971212,40,5,4,SP-23-0755
31,3,-79,16:27:00,2023-11-18,500,31,48.93971212,40,5,4,SP-23-0755
31,3,-79,16:27:00,2023-11-18,500,31,48.93971212,40,5,4,SP-23-0755
31,3,-79,16:27:00,2023-11-18,500,31,48.93971212,40,5,4,SP-23-0755
31,3,-79,16:27:00,2023-11-18,500,31,48.93971212,40,5,4,SP-23-0755
31,3,-79,16:27:00,2023-11-18,500,31,48.93971212,40,5,4,SP-23-0755
31,3,-79,16:27:00,2023-11-18,500,31,48.93971212,40,5,4,SP-23-0755
31,3,-79,16:27:00,2023-11-18,500,31,48.93971212,40,5,4,SP-23-0755
31,3,-79,16:27:00,2023-11-18,500,31,48.93971212,40,5,4,SP-23-0755
31,3,-79,16:27:00,2023-11-18,500,31,48.93971212,40,5,4,SP-23-0755
31,3,-79,16:27:00,2023-11-18,500,31,48.93971212,40,5,4,SP-23-0755
31,3,-79,16:27:00,2023-11-18,500,31,48.93971212,40,5,4,SP-23-0755
31,3,-79,16:27:00,2023-11-18,500,31,48.93971212,40,5,4,SP-23-0755
31,3,-79,16:27:00,2023-11-18,500,31,48.93971212,40,5,4,SP-23-0755
31,3,-79,16:27:00,2023-11-18,500,31,48.93971212,40,5,4,SP-23-0755
